-- phpMyAdmin SQL Dump
-- version 4.9.7
-- https://www.phpmyadmin.net/
--
-- Host: localhost:3306
-- Generation Time: Apr 18, 2022 at 07:48 AM
-- Server version: 10.3.34-MariaDB-cll-lve
-- PHP Version: 7.3.33

SET SQL_MODE = "NO_AUTO_VALUE_ON_ZERO";
SET AUTOCOMMIT = 0;
START TRANSACTION;
SET time_zone = "+00:00";


/*!40101 SET @OLD_CHARACTER_SET_CLIENT=@@CHARACTER_SET_CLIENT */;
/*!40101 SET @OLD_CHARACTER_SET_RESULTS=@@CHARACTER_SET_RESULTS */;
/*!40101 SET @OLD_COLLATION_CONNECTION=@@COLLATION_CONNECTION */;
/*!40101 SET NAMES utf8mb4 */;

--
-- Database: `bappeda9_dataku`
--

-- --------------------------------------------------------

--
-- Table structure for table `elemen`
--

CREATE TABLE `elemen` (
  `id` int(11) NOT NULL,
  `nama_elemen` varchar(225) DEFAULT NULL,
  `satuan` varchar(225) NOT NULL,
  `id_parent` int(11) NOT NULL,
  `id_urusan` int(11) NOT NULL,
  `id_dinas` int(11) NOT NULL
) ENGINE=InnoDB DEFAULT CHARSET=latin1;

--
-- Dumping data for table `elemen`
--

INSERT INTO `elemen` (`id`, `nama_elemen`, `satuan`, `id_parent`, `id_urusan`, `id_dinas`) VALUES
(42, 'Penduduk Berdasarkan Usia Sekolah', 'Orang', 0, 1, 0),
(43, 'Jumlah Penduduk Usia 0-6 Tahun', 'Orang', 42, 1, 1),
(44, 'Jumlah Penduduk Usia 7 - 12 Tahun', 'Orang', 42, 1, 1),
(45, 'Pendidikan Anak Usia Dini', 'Orang', 0, 1, 0),
(46, 'Jumlah Peserta PAUD', 'Orang', 45, 1, 0),
(47, 'Jumlah Bangunan PAUD', 'Orang', 45, 1, 0),
(51, 'Sekolah Taman Kanak-Kanak', 'Orang', 0, 1, 0),
(52, 'Jumlah Siswa', 'Orang', 51, 1, 0),
(53, 'Jumlah Bangunan Sekolah TK', '', 51, 1, 0),
(56, 'Jumlah Pengelola Sekolah TK', '', 51, 1, 0),
(59, 'Jumlah Ruang Kelas Sekolah TK', 'Unit', 51, 1, 0),
(60, 'Bangunan Baik', 'Unit', 53, 1, 0),
(61, 'Bangunan Tidak Baik', 'Unit', 53, 1, 0),
(62, 'Negeri', 'Orang', 56, 1, 0),
(63, 'Swasta', '', 56, 1, 0),
(64, 'Jumlah Tenaga Pendidik TK', '', 51, 1, 0),
(65, 'Bersertifikat', 'Orang', 64, 1, 0),
(66, 'Tidak Bersertifikat', 'Orang', 64, 1, 0),
(67, 'Rasio Siswa dengan Tenaga Pendidik', '%', 51, 1, 0),
(68, 'Pendidikan Dasar', '', 0, 1, 0),
(69, 'Jumlah Siswa SD/MI/Sederajat ', 'orang', 68, 1, 0),
(70, 'Jumlah Bangunan SD/MI/Sederajat', '', 68, 1, 0),
(71, 'Bangunan Baik', 'Unit', 70, 1, 0),
(72, 'Bangunan Tidak Baik', 'Unit', 70, 1, 0),
(73, 'Jumlah Pengelola SD/MI/Sederajat', '', 68, 1, 0),
(74, 'Negeri', 'Orang', 73, 1, 0),
(75, 'Swasta', 'Orang', 73, 1, 0),
(76, 'Jumlah Ruang Kelas SD/MI/Sederajat', 'Unit', 68, 1, 0),
(77, 'Jumlah Tenaga Pendidik SD/MI/Sederajat', '', 68, 1, 0),
(78, 'Bersertifikat', 'Orang', 77, 1, 0),
(79, 'Tidak Bersertifikat', 'Orang', 77, 1, 0),
(80, 'Rasio Siswa dengan Tenaga Pendidik', '%', 68, 1, 0),
(81, 'Angka Partisipasi Murni SD/MI/Sederajat', '%', 68, 1, 0),
(82, 'Angka Partisipasi Kasar SD/MI/Sederajat', '%', 68, 1, 0),
(83, 'Angka Partisipasi Sekolah SD/MI/Sederajat', '%', 68, 1, 0),
(84, 'Pendidikan Menengah Pertama', '', 0, 1, 0),
(85, 'Jumlah Siswa SMP/Mts/Sederajat ', 'orang', 84, 1, 0),
(86, 'Jumlah Bangunan SMP/Mts/Sederajat', '', 84, 1, 0),
(87, 'Bangunan Baik', 'Unit', 86, 1, 0),
(88, 'Bangunan Tidak Baik', 'Unit', 86, 1, 0),
(89, 'Jumlah Pengelola SMP/Mts/Sederajat', '', 84, 1, 0),
(90, 'Negeri', 'Unit', 89, 1, 0),
(91, 'Swasta', 'Unit', 89, 1, 0),
(92, ' Jumlah Ruang Kelas SMP/Mts/Sederajat', 'Ruang', 84, 1, 0),
(93, 'Jumlah Tenaga Pendidik SMP/Mts/Sederajat', '', 84, 1, 0),
(94, 'Bersertifikat', 'Orang', 93, 1, 0),
(95, 'Tidak Bersertifikat', 'Orang', 93, 1, 0),
(96, 'Rasio Siswa Dengan Tenaga Pendidik', '%', 84, 1, 0),
(97, 'Jumlah Sekolah SMP/Mts/Sederajat Memiliki Fasilitas Laboratorium', '', 84, 1, 0),
(98, 'Negeri', 'Unit', 97, 1, 0),
(99, 'Swasta', 'Unit', 97, 1, 0),
(100, 'Jumlah Sekolah SMP/Mts/Sederajat Memiliki Fasilitas Komputer', '', 84, 1, 0),
(101, 'Negeri', 'Unit', 100, 1, 0),
(102, 'Swasta', 'Unit', 100, 1, 0),
(103, 'Jumlah Sekolah SMP/Mts/Sederajat Memiliki Fasilitas Internet', '', 84, 1, 0),
(104, 'Negeri', 'Unit', 103, 1, 0),
(105, 'Swasta', 'Unit', 103, 1, 0),
(106, 'Angka Partisipasi Murni SMP/Mts/Sederajat', '%', 84, 1, 0),
(107, 'Angka Partisipasi Kasar SMP/Mts/Sederajat', '%', 84, 1, 0),
(108, 'Angka Partisipasi Sekolah SMP/Mts/Sederajat', '%', 84, 1, 0),
(109, 'Pendidikan Menengah Atas Dan Kejuruan', '', 0, 1, 0),
(110, 'Jumlah Siswa SMA/SMK/MA/Sederajat', 'Orang', 109, 1, 0),
(111, 'Jumlah Bangunan SMA/SMK/MA/Sederajat', '', 109, 1, 0),
(112, 'Bangunan Baik', 'Unit', 111, 1, 0),
(113, 'Bangunan Tidak Baik', 'Unit', 111, 1, 0),
(114, 'Jumlah Pengelola SMA/SMK/MA/Sederajat', '', 109, 1, 0),
(115, 'Negeri', 'Unit', 114, 1, 0),
(116, 'Swasta', 'Unit', 114, 1, 0),
(117, 'Jumlah Tenaga Pendidik SMA/SMK/MA/Sederajat', '', 109, 1, 0),
(118, 'Bersertifikat', 'Orang', 117, 1, 0),
(119, 'Tidak Bersertifikat', 'Orang', 117, 1, 0),
(120, 'Rasio Siswa dengan Tenaga Pendidik', '%', 109, 1, 0),
(121, 'JJumlah Sekolah SMA/SMK/MA/Sederajat Memiliki Fasilitas Laboratorium', '', 109, 1, 0),
(122, 'Negeri', 'Unit', 121, 1, 0),
(123, 'Swasta', 'Unit', 121, 1, 0),
(124, 'Jumlah Sekolah SMA/SMK/MA/Sederajat Memiliki Fasilitas Komputer ', '', 109, 1, 0),
(125, 'Negeri', 'Unit', 124, 1, 0),
(126, 'Swasta', 'Unit', 124, 1, 0),
(127, 'Jumlah Sekolah SMA/SMK/MA/Sederajat Memiliki Fasilitas Internet', '', 109, 1, 0),
(128, 'Negeri', 'Unit', 127, 1, 0),
(129, 'Swasta', 'Unit', 127, 1, 0),
(130, 'Jumlah Sekolah SMA/SMK/MA/Sederajat Memiliki Fasilitas Bengkel Kerja', '', 109, 1, 0),
(131, 'Negeri', 'Unit', 130, 1, 0),
(132, 'Swasta', '', 130, 1, 0),
(133, 'Angka Partisipasi Murni SMA/SMK/MA/Sederajat', '%', 109, 1, 0),
(134, 'Angka Partisipasi Kasar SMA/SMK/MA/Sederajat', '%', 109, 1, 0),
(135, 'Angka Partisipasi Sekolah SMA/SMK/MA/Sederajat', '%', 109, 1, 0),
(136, 'Jumlah Murid Putus Sekola', '', 109, 1, 0),
(137, 'SD/Sederajat', 'Orang', 136, 1, 0),
(138, 'SMP/Sederajat', 'Orang', 136, 1, 0),
(139, 'SMA Sederajat', 'Orang', 136, 1, 0),
(140, 'Jumlah Perguruan Tinggi/Akademi/Sederajat', 'Unit', 109, 1, 0),
(141, 'Negeri', 'Unit', 140, 1, 0),
(142, 'Swasta', 'Unit', 140, 1, 0),
(143, 'Jumlah Mahasiswa Perguruan Tinggi/Akademi/Sederajat', '', 109, 1, 0),
(144, 'Negeri', 'Orang', 143, 1, 0),
(145, 'Swasta', 'Orang', 143, 1, 0),
(146, 'Jumlah Dosen', '', 109, 1, 0),
(147, 'Perguruan Tinggi Negeri', 'Orang', 146, 1, 0),
(148, 'Perguruan Tinggi Swasta', 'Orang', 146, 1, 0),
(149, 'Pendidikan Non Formal', '', 0, 1, 0),
(150, 'Pendidikan Ketrampilan dan Pelatihan Kerja', '', 149, 1, 0),
(151, 'Jumlah Lembaga Pendidikan Ketrampilan dan Pelatihan Kerja', 'Unit', 150, 1, 0),
(152, 'Jumlah Kelas Lembaga Pendidikan Ketrampilan dan Pelatihan Kerja', 'Unit', 150, 1, 0),
(153, 'Jumlah Siswa Lembaga Pendidikan Ketrampilan dan Pelatihan Kerja', 'Orang', 150, 1, 0),
(154, 'Jumlah Tenaga Pengajar Lembaga Pendidikan Ketrampilan dan Pelatihan Kerja', 'Orang', 150, 1, 0),
(155, 'Pendidikan Kesetaraan', '', 149, 1, 0),
(156, 'Pendidikan Kesetaraan Paket A', '', 155, 1, 0),
(157, 'Jumlah Siswa', 'Orang', 156, 1, 0),
(158, 'Jumlah Tenaga Pengajar', 'Orang', 156, 1, 0),
(159, 'Pendidikan Kesetaraan Paket B', '', 155, 1, 0),
(160, 'Jumlah Siswa', 'Orang', 159, 1, 0),
(161, 'Jumlah Tenaga Pengajar', 'Orang', 159, 1, 0),
(162, ' Pendidikan Kesetaraan Paket C', '', 155, 1, 0),
(163, 'Jumlah Siswa', 'Orang', 162, 1, 0),
(164, 'Jumlah Tenaga Pengajar', 'Orang', 162, 1, 0),
(165, 'Pusat Kegiatan Belajar Masyarakat (PKBM)', '', 149, 1, 0),
(166, 'Jumlah Pusat Kegiatan Belajar Masyarakat', '', 165, 1, 0),
(167, 'Jumlah Peserta Pusat Kegiatan Belajar Masyarakat', 'Orang', 166, 1, 0),
(168, 'Jumlah Tenaga Pengajar Pusat Kegiatan Belajar Masyarakat', 'Orang', 166, 1, 0),
(169, 'Kesehatan Masyarakat', '', 0, 5, 0),
(170, 'Jumlah Penderita Penyakit Menular', 'Orang', 169, 5, 0),
(171, ' Jumlah Penderita Wabah Muntaber', 'Orang', 170, 5, 0),
(172, 'Jumlah Penderita Wabah Demam Berdarah', 'Orang', 170, 5, 0),
(173, 'Jumlah Penderita Wabah Infeksi Saluran Pernafasan', 'Orang', 170, 5, 0),
(174, 'Jumlah Penderita Wabah Campak', 'Orang', 170, 5, 0),
(175, 'Jumlah Penderita Wabah Malaria', 'Orang', 170, 5, 0),
(176, 'Jumlah Penderita Wabah HIV/AIDS', 'Orang', 170, 5, 0),
(177, 'Jumlah Penderita Wabah Lainnya', 'Orang', 170, 5, 0),
(178, 'Jumlah Penderita Gizi Buruk', 'Orang', 169, 5, 4),
(179, 'Jumlah Penderita Sakit Jiwa', 'Orang', 169, 5, 0),
(180, 'Jumlah Penderita Penyakit Lainnya', 'Orang', 169, 5, 0),
(181, 'Penduduk Meninggal Akibat Penyakit', '', 169, 5, 0),
(182, 'Jumlah Penduduk Meninggal Akibat Penyakit Menular', '', 181, 5, 0),
(183, 'Jumlah Penduduk Meninggal Akibat Wabah Muntaber', 'Orang', 182, 5, 0),
(184, 'Jumlah Penduduk Meninggal Akibat Wabah Demam Berdarah', 'Orang', 182, 5, 4),
(185, 'Jumlah Penduduk Meninggal Akibat Wabah Infeksi Saluran Pernafasan', 'Orang', 182, 5, 4),
(186, 'Jumlah Penduduk Meninggal Akibat Wabah Campak', 'Orang', 182, 5, 0),
(187, 'Jumlah Penduduk Meninggal Akibat Wabah Malaria', 'Orang', 182, 5, 4),
(188, 'Jumlah Penduduk Meninggal Akibat Wabah HIV/AIDS', 'Orang', 182, 5, 4),
(189, 'Jumlah Penduduk Meninggal Akibat Wabah Lainnya', 'Orang', 182, 5, 0),
(190, 'Jumlah Penduduk Meninggal Akibat Gizi Buruk', 'Orang', 181, 5, 4),
(191, 'Jumlah Penduduk Meninggal Akibat Penyakit Lainnya', 'Orang', 181, 5, 0),
(192, 'Pelayanan Dan Perawatan Ibu Hamil', '', 169, 5, 0),
(193, 'Jumlah Ibu Hamil Yang Mendapatkan Pelayanan Neonatal K1', 'Orang', 192, 5, 0),
(194, 'Jumlah Ibu Hamil Yang Mendapatkan Pelayanan Atenatal K4', 'Orang', 192, 5, 0),
(195, 'Jumlah Ibu Yang Bersalin Di Fasilitas Kesehatan', 'Orang', 192, 5, 0),
(196, 'Jumlah Ibu Yang Mendapat Pelayanan Nifas', 'Orang', 192, 5, 0),
(197, 'Jumlah Ibu Hamil Dengan Lila < 23,5 Cm', 'Orang', 192, 5, 0),
(198, 'Jumlah Ibu Hamil Penderita (KEK)', 'Orang', 192, 5, 0),
(199, 'Jumlah Ibu Hamil Penderita Kurang Darah', 'Orang', 192, 5, 0),
(200, 'Pelayanan Dan Perawatan Bayi', '', 169, 5, 0),
(201, 'Jumlah Bayi Usia Kurang Dari 6 Bulan Yang Mendapat ASI EksDATA SEKTORALusif', 'Orang', 200, 5, 0),
(202, 'Pemberian Makanan Pendamping ASI Pada Anak Usia 6-24 Bulan', 'Orang', 200, 5, 0),
(203, 'Jumlah Bayi Baru Lahir Mendapat Inisiasi Menyusui Dini (IMD)', 'Orang', 200, 5, 0),
(204, 'Neonatus Dengan Komplikasi Yang Ditangani', 'Orang', 200, 5, 0),
(205, 'Jumlah Balita Kurus Yang Mendapat Makanan Tambahan', 'Orang', 200, 5, 0),
(206, 'Jumlah Bayi Yang Mendapat Imunisasi', 'Orang', 200, 5, 0),
(207, 'Jumlah Bayi Berat Badan Lahir Rendah', 'Orang', 200, 5, 0),
(208, 'Jumlah Bayi Bergizi Buruk', 'Orang', 200, 5, 4),
(209, 'Angka Kematian Ibu Dan Anak', '', 169, 5, 0),
(210, 'Angka Kematian Ibu', '', 209, 5, 0),
(211, 'Jumlah Ibu Hamil', 'Orang', 210, 5, 0),
(212, 'Jumlah Kematian Ibu Akibat Melahirkan', 'Orang', 210, 5, 4),
(213, 'Jumlah Kelahiran Hidup', 'Orang', 210, 5, 0),
(214, 'Angka Kematian Bayi (AKB)', '', 209, 5, 0),
(215, 'Jumlah Bayi yang diLahirkan', 'Orang', 214, 5, 4),
(216, 'Jumlah Kematian Bayi', 'Orang', 214, 5, 4),
(217, 'Angka Kematian Balita', '', 209, 5, 0),
(218, 'Jumlah Kematian Penduduk Usia 0-4 Tahun', 'Orang', 217, 5, 0),
(219, 'Pusat Pelayanan Kesehatan', '', 0, 5, 0),
(220, 'Puskesmas/Pustu/PoliDATA SEKTORALinik/Posyandu/Pos Kesehatan Desa', '', 219, 5, 0),
(221, 'Jumlah Rumah Sakit', 'Unit', 220, 5, 4),
(222, 'Jumlah Puskesmas', 'Unit', 220, 5, 4),
(223, 'Jumlah Puskesmas Pembantu', 'Unit', 220, 5, 0),
(224, 'Jumlah PoliDATA SEKTORALinik', 'Unit', 220, 5, 0),
(225, 'Jumlah Posyandu', 'Unit', 220, 5, 4),
(226, 'Jumlah Posyandu Pratama', 'Unit', 220, 5, 0),
(227, 'Jumlah Posyandu Madya', 'Unit', 220, 5, 4),
(228, 'Jumlah Posyandu Purnama', 'Unit', 220, 5, 4),
(229, 'Jumlah Posyandu Mandiri', 'Unit', 220, 5, 4),
(230, 'Jumlah Balai Kesehatan Masyarakat', 'Unit', 220, 5, 0),
(231, 'Jumlah Pos Kesehatan Desa', 'Unit', 220, 5, 4),
(232, 'Sumber Daya Manusia (SDM) Kesehatan', '', 0, 5, 0),
(233, 'Tenaga Medis', '', 232, 5, 0),
(234, 'Jumlah Dokter Umum', 'Orang', 233, 5, 4),
(235, 'Jumlah Dokter Spesialis', 'Orang', 233, 5, 4),
(236, 'Jumlah Dokter Gigi', 'Orang', 233, 5, 4),
(237, 'Tenaga Kebidanan/Keperawatan', '', 232, 5, 0),
(238, 'Jumlah Bidan', 'Orang', 237, 5, 4),
(239, 'Jumlah Perawat', 'Orang', 237, 5, 4),
(240, 'Jumlah Apoteker', 'Orang', 237, 5, 0),
(241, 'Sarjana Teknis Kefarmasian', 'Orang', 237, 5, 4),
(242, 'Jumlah Tenaga Psikologi DATA SEKTORALinis', 'Orang', 232, 5, 0),
(243, 'Tenaga Kesehatan Masyarakat', '', 232, 5, 4),
(244, 'Jumlah Epidemiolog Kesehatan', 'Orang', 243, 5, 0),
(245, 'Jumlah Tenaga Promosi Kesehatan Dan Ilmu Prilaku', 'Orang', 243, 5, 0),
(246, 'Jumlah Pembimbing Kesehatan Kerja', 'Orang', 243, 5, 0),
(247, 'Jumlah Tenaga Administrasi Dan Kebijakan Kesehatan', 'Orang', 243, 5, 0),
(248, 'Jumlah Tenaga Kesehatan Reproduksi Dan Keluarga', 'Orang', 243, 5, 0),
(249, 'Tenaga Kesehatan Lingkungan', '', 232, 5, 0),
(250, 'Jumlah Tenaga Sanitasi Lingkungan', 'Orang', 249, 5, 4),
(251, 'Jumlah Entomolog Kesehatan', 'Orang', 249, 5, 0),
(252, 'Jumlah Mikrobiolog Kesehatan', 'Orang', 249, 5, 0),
(253, 'Tenaga Gizi', '', 232, 5, 4),
(254, 'Jumlah Nutrisionis', 'Orang', 253, 5, 0),
(255, 'Jumlah Dietisien', 'Orang', 253, 5, 0),
(256, 'Tenaga Kesehatan Tradisional', '', 232, 5, 0),
(257, 'Jumlah Tenaga Kesehatan Tradisional Ramuan', 'Orang', 256, 5, 0),
(258, 'Jumlah Tenaga Kesehatan Tradisional Ketrampilan', 'Orang', 256, 5, 0),
(259, 'Jalan dan Jembatan', '', 0, 6, 0),
(260, 'Panjang Jalan dan Kondisi Berdasarkan Administrasi Pemerintahan', '', 259, 6, 0),
(261, 'Panjang Jalan Kabupaten/Kota', '', 260, 6, 0),
(262, 'Kondisi Baik', 'Km', 261, 6, 0),
(263, 'Kondisi Sedang', 'Km', 261, 6, 0),
(264, 'Kondisi Rusak Ringan', 'Km', 261, 6, 0),
(265, 'Kondisi Rusak Berat', 'Km', 261, 6, 0),
(266, 'Panjang Jalan Desa', '', 260, 6, 0),
(267, 'Kondisi Baik', 'Km', 266, 6, 0),
(268, 'Kondisi Sedang', 'Km', 266, 6, 0),
(269, 'Kondisi Rusak Ringan', 'Km', 266, 6, 0),
(270, 'Kondisi Rusak Berat', 'Km', 266, 6, 0),
(271, 'Panjang Jalan Berdasarkan Jenis Permukaan', '', 259, 6, 0),
(272, 'Panjang Jalan Kabupaten/Kota', '', 271, 6, 0),
(273, 'Di Aspal', 'Km', 272, 6, 0),
(274, 'Di Beton', 'Km', 272, 6, 0),
(275, 'Kerikil', 'Km', 272, 6, 0),
(276, 'Tanah', 'Km', 272, 6, 0),
(277, 'Tidak Terinci', 'Km', 272, 6, 0),
(278, 'Jembatan dan Kondisi Berdasarkan Administrasi Pemerintahan', '', 259, 6, 0),
(279, 'Jumlah Jembatan Kabupaten/Kota', '', 278, 6, 0),
(280, 'Jumlah Jembatan Dengan Kondisi Baik', 'Unit', 279, 6, 0),
(281, 'Jumlah Jembatan Dengan Kondisi Sedang', 'Unit', 279, 6, 0),
(282, 'Jumlah Jembatan Dengan Kondisi Rusak Ringan', 'Unit', 279, 6, 0),
(283, 'Jumlah Jembatan Dengan Kondisi Rusak Berat', 'Unit', 279, 6, 0),
(284, 'Jumlah Jembatan Desa', '', 278, 6, 0),
(285, 'Jumlah Jembatan Dengan Kondisi Baik', 'Unit', 284, 6, 0),
(286, 'Jumlah Jembatan Dengan Kondisi Sedang', 'Unit', 284, 6, 0),
(287, 'Jumlah Jembatan Dengan Kondisi Rusak Ringan', 'Unit', 284, 6, 0),
(288, 'Jaringan Irigasi/Pengairan', '', 0, 6, 0),
(289, 'Panjang Jaringan Irigasi Non Teknis', '', 288, 6, 0),
(290, 'Saluran Kondisi Baik', 'Meter', 289, 6, 0),
(291, 'Saluran Kondisi Sedang', 'Meter', 289, 6, 0),
(292, 'Saluran Kondisi Rusak Ringan', 'Meter', 289, 6, 0),
(293, 'Saluran Kondisi Rusak Berat', 'Meter', 289, 6, 0),
(294, 'Panjang Jaringan Irigasi Teknis', '', 288, 6, 0),
(295, 'Panjang Saluran Irigasi Primer', '', 294, 6, 0),
(296, 'Saluran Kondisi Baik', 'Meter', 295, 6, 0),
(297, 'Saluran Kondisi Sedang', 'Meter', 295, 6, 0),
(298, 'Saluran Kondisi Rusak Ringan', 'Meter', 295, 6, 0),
(299, 'Saluran Kondisi Rusak Berat', 'Meter', 295, 6, 0),
(300, 'Panjang Saluran Irigasi Sekunder', '', 294, 6, 0),
(301, 'Saluran Kondisi Baik', 'Meter', 300, 6, 0),
(302, 'Saluran Kondisi Sedang', 'Meter', 300, 6, 0),
(303, 'Saluran Kondisi Rusak Ringan', 'Meter', 300, 6, 0),
(304, 'Saluran Kondisi Rusak Berat', 'Meter', 300, 6, 0),
(305, 'Panjang Saluran Irigasi Tersier', '', 294, 6, 0),
(306, 'Saluran Kondisi Baik', 'Meter', 305, 6, 0),
(307, 'Saluran Kondisi Sedang', 'Meter', 305, 6, 0),
(308, 'Saluran Kondisi Rusak Ringan', 'Meter', 305, 6, 0),
(309, 'Saluran Kondisi Rusak Berat', 'Meter', 305, 6, 0),
(310, 'Jumlah Bangunan Irigasi', 'Unit', 288, 6, 0),
(311, 'Luas Sawah Beririgasi Teknis', 'Ha', 288, 6, 0),
(312, 'Luas Sawah Beririgasi Non Teknis', 'Ha', 288, 6, 0),
(313, 'Luas Daerah Irigasi Teknis', 'Ha', 288, 6, 0),
(314, 'Sempadan Sumber Air', '', 0, 6, 0),
(315, 'Nama Sungai', '', 314, 6, 0),
(316, 'Sungai Brang Rea', 'Km', 315, 6, 0),
(317, 'Sungai Brang Ene', 'Km', 315, 6, 0),
(318, 'Sungai Brang A ?', 'Km', 315, 6, 0),
(319, 'Sungai Brang B?', 'Km', 315, 6, 0),
(320, 'Sungai Brang ... dst...?', 'Km', 315, 6, 0),
(321, 'Panjang Sungai', '', 314, 6, 0),
(322, 'Panjang Sungai Berturap', 'Meter', 321, 6, 0),
(323, 'Panjang Sungai Tidak Berturap', 'Meter', 321, 6, 0),
(324, 'Lebar Sungai', 'Meter', 314, 6, 0),
(325, 'Luas Danau Lebo Taliwang', 'Ha', 314, 6, 0),
(326, 'Keliling Danau Lebo Taliwang', '', 314, 6, 0),
(327, 'Keliling Danau Berturab', 'Meter', 326, 6, 0),
(328, 'Keliling Danau Tidak Berturab', 'Meter', 326, 6, 0),
(329, 'Pemenuhan Kebutuhan Air Baku Rumah Tangga', 'Rumah Tangga', 0, 6, 0),
(330, 'Jumlah Rumah Tangga Menggunakan Keran Umum', 'Rumah Tangga', 329, 6, 0),
(331, 'Jumlah Desa/Kelurahan yang Rawan Sumber Air Baku', '', 0, 6, 0),
(332, 'Jumlah Desa/Kelurahan Rawan Kering Sumber Air', 'Desa/Kelurahan', 331, 6, 0),
(333, 'Jumlah Desa/Kelurahan yang Tidak Memiliki Sumber Air', 'Desa / Kelurahan', 331, 6, 0),
(334, 'Sistem Pengolahan Air Limbah Domestik', '', 0, 6, 0),
(335, 'Pembuangan Limbah Rumah Tangga', '', 334, 6, 0),
(336, 'Rumah Tangga Memiliki MCK', 'Rumah Tangga', 335, 6, 0),
(337, 'Rumah Tangga Tidak Memiliki MCK', 'Rumah Tangga', 335, 6, 0),
(338, 'Rumah Tangga Memiliki Cubluk', 'Rumah Tangga', 335, 6, 0),
(339, 'Pengolahan Air Limbah', '', 334, 6, 0),
(340, 'Jumlah Sistem Pengolahan Air Limbah Skala Regional', 'Unit', 339, 6, 0),
(341, 'Jumlah Sistem Pengolahan Air Limbah Skala Kota', 'Rumah Tangga', 339, 6, 0),
(342, 'Jumlah Sistem Pengolahan Air Limbah Skala Kawasan', 'Rumah Tangga', 339, 6, 0),
(343, 'Drainase', '', 0, 6, 0),
(344, 'Panjang Drainase Sistem Terbuka', '', 343, 6, 0),
(345, 'Kondisi Baik', 'Meter', 344, 6, 0),
(346, 'Kondisi Sedang', 'Meter', 344, 6, 0),
(347, 'Kondisi Buruk', 'Meter', 344, 6, 0),
(348, 'Panjang Drainase Sistem Tertutup', '', 343, 6, 0),
(349, 'Kondisi Baik', 'Meter', 348, 6, 0),
(350, 'Kondisi Sedang', 'Meter', 348, 6, 0),
(351, 'Kondisi Buruk', 'Meter', 348, 6, 0),
(352, 'Izin Mendirikan Bangunan (IMB)', '', 0, 6, 0),
(353, 'Jumlah Bangunan Miliki IMB', 'Unit', 352, 6, 0),
(354, 'Jumlah Bangunan Tidak Memiliki IMB', 'Unit', 352, 6, 0),
(355, 'Sertifikat Laik Fungsi Bangunan Gedung', '', 0, 6, 0),
(356, 'Jumlah Bangunan Gedung Memiliki Sertifikat Laik Fungsi', 'Unit', 355, 6, 0),
(357, 'Jumlah Bangunan Gedung Tidak Memiliki Sertifikat Laik Fungsi', 'Unit', 355, 6, 0),
(358, 'Perumahan', '', 0, 17, 0),
(359, 'Jumlah Rumah Berdasarkan Kondisi', '', 358, 17, 0),
(360, 'Jumah Rumah Layak Huni', 'Unit', 359, 17, 0),
(361, 'Jumlah Rumah Tidak Layak Huni', 'Unit', 359, 17, 0),
(363, 'Persampahan', '', 0, 17, 0),
(364, 'Volume Sampah Rumah Tangga', '', 363, 17, 0),
(365, 'Sampah yang dihasilkan rumah tangga', 'M3', 364, 17, 0),
(366, 'Sampah Sejenis Sampah Rumah Tangga', 'M3', 364, 17, 0),
(367, 'Volume Sampah Rumah Tangga yang Terolah', 'M3', 363, 17, 0),
(368, 'Volume Sampah yang Mengandung Bahan Berbahaya dan Beracun', 'M3', 363, 17, 0),
(369, 'Volume Sampah yang Mengandung Bahan Berbahaya dan Beracun yang Terolah', 'M3', 363, 17, 0),
(370, 'Volume Sampah yang Mengandung Limbah Bahan Berbahaya dan Beracun', 'M3', 363, 17, 0),
(371, 'Volume Sampah yang Mengandung Limbah Bahan Berbahaya dan Beracun yang Terolah', 'M3', 363, 17, 0),
(372, 'Alat Angkut Sampah', '', 363, 17, 0),
(373, 'Jumlah Truk Pengangkut Sampah', 'Unit', 372, 17, 0),
(374, 'Jumlah Gerobak Pengangkut Sampah', 'Unit', 372, 17, 0),
(375, 'Jumlah Motor Pengangkut Sampah', 'Unit', 372, 17, 0),
(376, 'Jumlah Pickup Pengangkut Sampah', 'Unit', 372, 17, 0),
(377, 'Jumlah Beco', 'Unit', 372, 17, 0),
(378, 'Jumlah Buldoser', 'Unit', 372, 17, 0),
(379, 'Jumlah Tempat Pengolahan Sampah', '', 363, 17, 0),
(380, 'Jumlah Tempat Penampungan Sementara (TPS)', 'Unit', 379, 17, 0),
(381, 'Jumlah Tempat Pengolahan Sampah Terpadu (TPST)', 'Unit', 379, 17, 0),
(382, 'Jumlah Tempat Pemroses Akhir (TPA)', '', 379, 17, 0),
(383, 'Lokal', 'Unit', 382, 17, 0),
(384, 'Regional', 'Unit', 382, 17, 0),
(385, 'Persentase Penanganan Sampah', '%', 363, 17, 0),
(386, 'Sistem Pengolahan Air Lmbah Domestik', '', 0, 17, 0),
(387, 'Jumlah Pengolahan Air Limbah Individu', 'Rumah Tangga', 386, 17, 0),
(388, 'Jumlah Pengolahan Air Limah Komunal', 'Unit', 386, 17, 0),
(389, 'Rumah Tangga Memiliki Air Bersih', '', 0, 17, 0),
(390, 'Jumlah Rumah Tangga yang Terlayani Melalui Sistem Perpiaan', 'Rumah Tangga', 389, 17, 0),
(391, 'Jumlah Rumah Tangga yang Memanfaatkan Air Bawah Tanah', 'Rumah Tangga', 389, 17, 0),
(392, 'Persentase Rumah Tangga Terlayani Sistem Perpiaan', '%', 389, 17, 0),
(393, 'Jumlah dan Luas Tempat Pemakaman Umum', '', 0, 17, 0),
(394, 'Jumlah Pemakaman Umum', '', 393, 17, 0),
(395, 'Jumlah Pemakaman Umum dikelola Pemerintah', 'Unit', 394, 17, 0),
(396, 'Jumlah Pemakaman Umum dikelola Swasta/Masyarakat', 'Unit', 394, 17, 0),
(397, 'Luas Pemakaman Umum', '', 393, 17, 0),
(398, 'Luas Pemakaman Umum dikelola Pemerintah', 'Ha', 397, 17, 0),
(399, 'Luas Pemakaman Umum dikelola Swasta/Masyarakat', 'Ha', 397, 17, 0),
(400, 'Jumlah dan Luas Ruang Terbuka Hijau', '', 0, 17, 0),
(401, 'Jumlah Ruang Terbuka Hijau', '', 400, 17, 0),
(402, 'Jumlah Ruang Terbuka Hijau dikelola Pemerintah', 'Unit', 401, 17, 0),
(403, 'Jumlah Ruang Terbuka HIjau dikelola Swasta/Masyarakat', 'Unit', 401, 17, 0),
(404, 'Luas Ruang Terbuka Hijau', '', 400, 17, 0),
(405, 'Luas Ruang Terbuka Hijau dikelola Pemerintah', 'Ha', 404, 17, 0),
(406, 'Luas Ruang Terbuka Hijau dikelola Swasta/Masyarakat', 'Ha', 404, 17, 0),
(407, 'Rasio Ruang Terbuka Hijau Per Satuan Luas Wilayah', '%', 400, 17, 0),
(408, 'Kawasan Permukiman Kumuh', '', 0, 17, 0),
(409, 'Jumlah Kawasan Permukiman Kumuh', 'Kawasan', 408, 17, 0),
(410, 'Luas Kawasan Permukiman Kumum', 'Ha', 408, 17, 0),
(411, 'Jumlah Rumah Tangga yang Tinggal di Kawsan Permukiman Kumuh', 'Rumah Tangga', 408, 17, 0),
(412, 'Jumlah Bangunan Rumah', 'Unit', 408, 17, 0),
(413, 'Persentase Lingkungan Pemukiman Kumuh', '%', 408, 17, 0),
(414, 'Keamanan dan Ketertiban Umum', '', 0, 18, 0),
(415, 'Pelanggaran K3 (Ketertiban, Ketentraman, Keindahan)', '', 414, 18, 0),
(416, 'Jumlah Pelanggaran K3', 'Kasus', 415, 18, 0),
(417, 'Pertikaian Antar Warga', '', 414, 18, 0),
(418, 'Jumlah Pertikaian Antar Etnis', 'Kasus', 417, 18, 0),
(419, 'Jumlah Pertikaian Antar Wilayah Desa', 'Kasus', 417, 18, 0),
(420, 'Jumlah Pertikaian Antar Agama', 'Kasus', 417, 18, 0),
(421, 'Jumlah Pertikaian Antar Simpatisan Parpol', 'Kasus', 417, 18, 0),
(422, 'Jumlah Pertikaian Antar Pelajar', 'Kasus', 417, 18, 0),
(423, 'Korban Pertikaian Antar Warga', '', 414, 18, 0),
(424, 'Korban Meninggal', 'Orang', 423, 18, 0),
(425, 'Korban Luka-Luka', 'Orang', 423, 18, 0),
(426, 'Jumlah Pengungsi Akibat Pertikaian Antar Warga', 'Orang', 414, 18, 0),
(427, 'Kerugian Material Akibat Pertikaian Antar Warga', 'Rp', 414, 18, 0),
(428, 'Unjuk Rasa', '', 0, 18, 0),
(429, 'Jumlah Kasus Unjuk Rasa', '', 428, 18, 0),
(430, 'Bidang Politik', 'Kasus', 429, 18, 0),
(431, 'Bidang Ekonomi', 'Kasus', 429, 18, 0),
(432, 'Bidang Agama', 'Kasus', 429, 18, 0),
(433, 'Lainnya', 'Kasus', 429, 18, 0),
(434, 'Korban Unjuk Rasa', '', 428, 18, 0),
(435, 'Korban Meninggal', 'Orang', 434, 18, 0),
(436, 'Korban Luka-Luka', 'Orang', 434, 18, 0),
(437, 'Jumlah Pengungsi Akibat Unjuk Rasa', 'Orang', 428, 18, 0),
(438, 'Kerugian Material Akibat Unjuk Rasa', 'Rp', 428, 18, 0),
(439, 'Sengketa Pengusaha dan Pekerja', '', 428, 18, 0),
(440, 'Jumlah Sengketa Pengusaha dan Pekerja', '', 439, 18, 0),
(441, 'Jumlah Sengketa Terselesaikan', 'Kasus', 440, 18, 0),
(442, 'Jumlah Sengketa Belum Terselesaikan', 'Kasus', 440, 18, 0),
(443, 'Kasus Pemogokan Kerja', 'Kasus', 439, 18, 0),
(444, 'Sarana dan Prasarana Keamanan dan Ketertiban Umum', '', 428, 18, 0),
(445, 'Jumlah Aparat Keamanan dan Ketertiban Umum', '', 444, 18, 0),
(446, 'Jumlah Aparat pamong Praja', 'Orang', 445, 18, 0),
(447, 'Jumlah Aparat Linmas', 'Orang', 445, 18, 0),
(448, 'Jumlah Petugas Patroli Satpol PP', 'Orang', 445, 18, 0),
(449, 'Jumlah Petugas Perlindungan Masyarakat', 'Orang', 445, 18, 0),
(450, 'Jumlah Sarana Keamanan dan Ketertiban Umum', 'Unit', 444, 18, 0),
(451, 'Jumlah Pos Keamanan', 'Unit', 450, 18, 0),
(452, 'Jumlah Pos Kamling', 'Unit', 450, 18, 0),
(453, 'Jumlah Kendaraan Operasional', 'Unit', 444, 18, 0),
(454, 'Jumlah Kendaraan Operasional Roda 2', 'Unit', 453, 18, 0),
(455, 'Jumlah Kendaraan Operasional Roda 4', 'Unit', 453, 18, 0),
(456, 'Bencana Alam', '', 0, 18, 0),
(457, 'Sistem Peringatan Dini', '', 456, 18, 0),
(458, 'Jumlah Sistem Peringatan Dini Banjir', 'Unit', 457, 18, 0),
(459, 'Jumlah Sistem Elektronik', 'Unit', 458, 18, 0),
(460, 'Jumlah Peringatan Dini Tradisional', 'Unit', 458, 18, 0),
(461, 'Jumlah Sistem Peringatan Dini Gunung Meletus', 'Unit', 457, 18, 0),
(462, 'Jumlah Sistem Elektronik', 'Unit', 461, 18, 0),
(463, 'Jumlah Sistem Peringatan Dini Trandisional', 'Unit', 461, 18, 0),
(464, 'Jumlah Sistem Peringatan Dini Longsor', 'Unit', 457, 18, 0),
(465, 'Jumlah Sistem Elektronik', 'Unit', 464, 18, 0),
(466, 'Jumlah Peringatan Dini Tradisional', 'Unit', 464, 18, 0),
(467, 'Jumlah Sistem Peringatan Dini Gempa', 'Unit', 457, 18, 0),
(468, 'Jumlah Sistem Elektronik', 'Unit', 467, 18, 0),
(469, 'Jumlah Peringatan Dini Trasdisional', 'Unit', 467, 18, 0),
(470, 'Jumlah Sistem Peringatan Dini Tsunami', 'Unit', 457, 18, 0),
(471, 'Jumlah Sistem Elektronik', 'Unit', 470, 18, 0),
(472, 'Jumlah Peringatan Dini Tradisional', 'Unit', 470, 18, 0),
(473, 'Jumlah Sistem Peringatan Dini Lainnya', 'Unit', 457, 18, 0),
(474, 'Jumlah Sistem Elektronik', 'Unit', 473, 18, 0),
(475, 'Jumlah Peringatan Dini Tradisional', 'Unit', 473, 18, 0),
(476, 'Kawasan Rawan Bencana', '', 456, 18, 0),
(478, 'Jumlah Kawasan Rawan Bencana Banjir', 'Kawasan', 476, 18, 0),
(479, 'Jumlah Kawasan Rawan Bencana Gunung Meletus', 'Unit', 476, 18, 0),
(480, 'Jumlah Kawasan Rawan Bencana Longsor', 'Kawasan', 476, 18, 0),
(481, 'Jumlah Kawasan Rawan Bencana Gempa Bumi', 'Kawasan', 476, 18, 0),
(482, 'Jumlah Kawasan Rawan Tsunami', 'Kawasan', 476, 18, 0),
(483, 'Jumlah Kawasan Rawan Bencana Kebakaran', 'Kawasan', 476, 18, 0),
(484, 'Jumlah Korban Bencana', '', 456, 18, 0),
(485, 'Korban Bencana Banjir', 'Orang', 484, 18, 0),
(486, 'Meninggal', 'Orang', 485, 18, 0),
(487, 'Luka-Luka', 'Orang', 485, 18, 0),
(488, 'Korban Bencana Gunung Meletus', 'Orang', 484, 18, 0),
(489, 'Korban Bencana Longsor', 'Orang', 484, 18, 0),
(490, 'Meninggal', 'Orang', 489, 18, 0),
(491, 'Luka-Luka', 'Orang', 489, 18, 0),
(492, 'Korban Bencana Gempa Bumi', 'Orang', 484, 18, 0),
(493, 'Meninggal', 'Orang', 492, 18, 0),
(494, 'Luka-Luka', 'Orang', 492, 18, 0),
(495, 'Korban Bencana Tsunami', 'Orang', 484, 18, 0),
(496, 'Meninggal', 'Orang', 495, 18, 0),
(497, 'Luka-Luka', 'Orang', 495, 18, 0),
(498, 'Korban Bencana Kebakaran', 'Orang', 484, 18, 0),
(499, 'Meninggal', 'Orang', 498, 18, 0),
(500, 'Luka-Luka', 'Orang', 498, 18, 0),
(501, 'Jumlah Pengungsi Akibat Bencana', 'Orang', 456, 18, 0),
(502, 'Jumlah Pengungsi Akibat Bencana Banjir', 'Orang', 501, 18, 0),
(503, 'Jumlah Pengungsi Akibat Bencana Gunung Meletus', 'Orang', 501, 18, 0),
(504, 'Jumlah Pengungsi Akibat Bencana Longsor', 'Orang', 501, 18, 0),
(505, 'Jumlah Pengungsi Akibat Bencana Gempat Bumi', 'Orang', 501, 18, 0),
(506, 'Jumlah Pengungsi Akibat Bencana Tsunami', 'Orang', 501, 18, 0),
(507, 'Jumlah Pengungsi Akibat Bencana Kebakaran', 'Orang', 501, 18, 0),
(509, 'Jumlah Kerugian Akibat Bencana', 'Rp', 456, 18, 0),
(510, 'Jumlah Kerugian Akibat Bencana Banjir', 'Rp', 509, 18, 0),
(511, 'Jumlah Kerugian Akibat Bencana Gunung Meletus', 'Rp', 509, 18, 0),
(512, 'Jumlah Kerugian Akibat Bencana Longsor', 'Rp', 509, 18, 0),
(513, 'Jumlah Kerugian Akibat Bencana Gempa Bumi', 'Rp', 509, 18, 0),
(514, 'Jumlah Kerugian Akibat Bencana Tsunami', 'Rp', 509, 18, 0),
(515, 'Jumlah Kerugian Akibat Bencana Kebakaran', 'Rp', 509, 18, 0),
(516, 'Prasarana dan Sarana Tanggap Bencana', '', 456, 18, 0),
(517, 'Transportasi', '', 516, 18, 0),
(518, 'Jenis Angkutan Darat', 'Unit', 517, 18, 0),
(519, 'Kendaraan Roda 2', 'Unit', 518, 18, 0),
(520, 'Kendaraan Roda 4', 'Unit', 518, 18, 0),
(521, 'Kendaraan Roda > 4', 'Orang', 518, 18, 0),
(522, 'Jenis Angkutan Laut', 'Unit', 517, 18, 0),
(523, 'Kapal Penyelamat', 'Unit', 522, 18, 0),
(524, 'Speedboat', 'Unit', 522, 18, 0),
(525, 'Jenis Angkutan Udara/Helikopter', 'Unit', 517, 18, 0),
(526, 'Jumlah Peralatan Komunikasi', 'Unit', 516, 18, 0),
(527, 'Handy Talk', 'Unit', 526, 18, 0),
(528, 'Telpon Satelit', 'Unit', 526, 18, 0),
(529, 'Radio Pemancar', 'Unit', 526, 18, 0),
(530, 'Peralatan Komunikasi Lainnya', 'Unit', 526, 18, 0),
(531, 'Peralatan Kesehatan', 'Unit', 516, 18, 0),
(532, 'Mobil Ambulance', 'Unit', 531, 18, 0),
(533, 'Tandu', 'Unit', 531, 18, 0),
(534, 'Tabung Oksigen', 'Unit', 531, 18, 0),
(535, 'Peralatan Kesehatan Lainnya', 'Unit', 531, 18, 0),
(536, 'Peralatan Air Bersih', 'Unit', 516, 18, 0),
(537, 'Mobil Tangki Air', 'Unit', 536, 18, 0),
(538, 'Tangki Air', 'Unit', 536, 18, 0),
(539, 'Peralatan Air Bersih Lainnya', 'Unit', 536, 18, 0),
(540, 'MCK (Mandi Cuci Kakus) Mobile', 'Unit', 516, 18, 0),
(541, 'Alat Berat', 'Unit', 516, 18, 0),
(542, 'Beco', 'Unit', 541, 18, 0),
(543, 'Buldozer', 'Unit', 541, 18, 0),
(544, 'Peralatan Alat Berat Lainnya', 'Unit', 541, 18, 0),
(545, 'Peralatan Hunian Sementara', 'Unit', 516, 18, 0),
(546, 'Tenda', 'Unit', 545, 18, 0),
(547, 'Dapuru Umum', 'Unit', 545, 18, 0),
(548, 'Generator', 'Unit', 545, 18, 0),
(549, 'Peralatan Hunian Sementara Lainnya', 'Orang', 545, 18, 0),
(550, 'Kebakaran', 'Unit', 516, 18, 0),
(551, 'Mobil Pemadam Kebakaran', 'Unit', 550, 18, 0),
(552, 'Pos Pemadam Kebakaran', 'Unit', 550, 18, 0),
(553, 'Jumlah Kejadian Kebakaran', 'Unit', 516, 18, 0),
(554, 'Penduduk Miskin', '', 0, 19, 0),
(555, 'Jumlah Penduduk Miskin', 'Orang', 554, 19, 9),
(556, 'Jumlah Rumah Tangga Miskin', 'Orang', 554, 19, 0),
(557, 'Jumlah Kepala Keluarga Miskin', 'KK', 554, 19, 9),
(558, 'Jumlah Status Kepemilikan Rumah Keluarga Miskin', '', 554, 19, 0),
(559, 'Milik Sendiri', 'Rumah Tangga', 558, 19, 0),
(560, 'Sewa', 'Rumah Tangga', 558, 19, 0),
(561, 'Kontrak', 'Rumah Tangga', 558, 19, 0),
(562, 'Bebas Sewa/ Kontrak', 'Rumah Tangga', 558, 19, 0),
(563, 'Jumlah Status Kepemilikan Lahan Keluarga Miskin', '', 554, 19, 0),
(564, 'Milik Sendiri', 'Rumah Tangga', 563, 19, 0),
(565, 'Sewa', 'Rumah Tangga', 563, 19, 0),
(566, 'Kontrak', 'Rumah Tangga', 563, 19, 0),
(567, 'Bebas Sewa/Kontrak', 'Rumah Tangga', 563, 19, 0),
(568, 'Rumah Tangga Miskin Mengkonsumsi Air Minum', '', 554, 19, 0),
(569, 'Air Kemasan', 'Rumah Tangga', 568, 19, 0),
(570, 'Air Ledeng', 'Rumah Tangga', 568, 19, 0),
(571, 'Sumber Air Terlindung', 'Rumah Tangga', 568, 19, 0),
(572, 'Sumber Air Tidak Terlindung', 'Rumah Tangga', 568, 19, 0),
(573, 'Jumlah Masyarakat Penerima Jamkesmas', 'Orang', 554, 19, 0),
(574, 'Jumlah Masyarakat Penerima Jamkesda', 'Orang', 554, 19, 0),
(575, 'Pendidikan Siswa Miskin', '', 0, 19, 0),
(576, 'Jumlah Siswa Miskin SD/MI/Sederajat', 'Orang', 575, 19, 0),
(577, 'Bersekolah', 'Orang', 576, 19, 0),
(578, 'Tidak Bersekolah', 'Orang', 576, 19, 0),
(579, 'Jumlah Siswa Miskin SMP/MTs/Sederajat', 'Orang', 575, 19, 0),
(580, 'Bersekolah', 'Orang', 579, 19, 0),
(581, 'Tidak Bersekolah', 'Orang', 579, 19, 0),
(582, 'Jumlah Siswa Miskin SMA/MA/Sederajat', 'Orang', 575, 19, 0),
(583, 'Bersekolah', 'Orang', 582, 19, 0),
(584, 'Tidak Bersekolah', 'Orang', 582, 19, 0),
(585, 'Jumlah Keluarga Menurut Tingkat Kesejahteraan', '', 0, 19, 0),
(586, 'Keluarga Prasejatera', 'KK', 585, 19, 9),
(587, 'Keluarga Sejahtera Tahap 1', 'Orang', 585, 19, 9),
(588, 'Keluarga Sejahtera Tahap 2', 'KK', 585, 19, 9),
(589, 'Keluarga Sejahtera Tahap 3', 'KK', 585, 19, 9),
(590, 'Keluarga Sejahtera Tahap 3 Plus', 'KK', 585, 19, 9),
(591, 'Jumlah Lembaga/Organisasi Kemasayarakatan', '', 0, 19, 0),
(592, 'Jumlah Lembaga Swadaya Masyarakat', '', 591, 19, 0),
(593, 'LSM Lokal Terdaftar', 'LSM', 592, 19, 0),
(594, 'LSM Lokal Tidak Aktif', 'LSM', 592, 19, 0),
(595, 'Jumlah Organisasi Masyarakat', '', 591, 19, 0),
(596, 'Berdasarkan Agama', 'Ormas', 595, 19, 0),
(597, 'Berlandaskan Budaya/Adat', 'Ormas', 595, 19, 0),
(598, 'Berlandaskan Nasionalis', 'Ormas', 595, 19, 0),
(599, 'Jumlah Organisasi Kemasyarakatan Pemuda (OKP)', 'OKP', 591, 19, 0),
(600, 'Jumlah Yayasan', '', 591, 19, 0),
(601, 'Yayasan Sosial', 'Yayasan', 600, 19, 9),
(602, 'Yayasan Pendidikan', 'Yayasan', 600, 19, 9),
(603, 'Lainnya', 'Yayasan', 600, 19, 0),
(604, 'Jumlah Karang Taruna (KT)', 'KT', 591, 19, 9),
(605, 'Jumlah Koordinator Kegiatan Kesejahteraan Sosial (KKKS)', 'Unit', 591, 19, 9),
(606, 'Jumlah Badan Koordinasi Kegiatan Kesejahteraan Sosial (BKKKS)', 'Badan', 591, 19, 0),
(607, 'Jumlah Lembaga Konsultan Kesejahteraan Keluarga LK3', 'Lembaga', 591, 19, 9),
(608, 'Jumlah Lembaga Kesejahteraan Sosial LKS', 'Lembaga', 591, 19, 9),
(609, 'Penyandang Masalah Kesejahteraan Sosial', '', 0, 19, 0),
(610, 'Jumlah Penyandang Masalah Kesejahteraan Sosial', '', 609, 19, 0),
(611, 'Anak Jalanan', 'Orang', 610, 19, 0),
(612, 'Penderita Sakit Jiwa', 'Orang', 610, 19, 0),
(613, 'Gepeng (Gembel dan Pengemis)', 'Orang', 610, 19, 9),
(614, 'Penderita HIV/AIDS', 'Orang', 610, 19, 9),
(615, 'Pecandu Narkoba', 'Orang', 610, 19, 0),
(616, 'Fakir Miskin', 'Orang', 610, 19, 0),
(617, 'Bayi Terlantar', 'Orang', 610, 19, 9),
(618, 'Anak Terlantar', 'Orang', 610, 19, 9),
(619, 'Anak Korban Kekerasan Lingkungan Rumah Tangga', 'Orang', 610, 19, 0),
(620, 'Anak Korban Kekerasan Lingkungan Sekolah', 'Orang', 610, 19, 0),
(621, 'Anak Korban Kekerasan Lingkungan Masyarakat', 'Orang', 610, 19, 9),
(622, 'Anak Korban Kekerasan Seksual', 'Orang', 610, 19, 9),
(623, 'Lanjut Usia Terlantar', 'Orang', 610, 19, 9),
(624, 'Penyandang Tuna Netra', 'Orang', 610, 19, 9),
(625, 'Penyandangn Tuna Rungu', 'Orang', 610, 19, 9),
(626, 'Penyandang Tuna Wicara', 'Orang', 610, 19, 9),
(627, 'Penyandang Tuna Daksa', 'Orang', 610, 19, 9),
(628, 'Penyandang Tuna Grahita', 'Orang', 610, 19, 9),
(629, 'Penyandang Buta Aksara', 'Orang', 610, 19, 0),
(630, 'Penyandang Cacat Fisik', 'Orang', 610, 19, 0),
(631, 'Tuna Susila', 'Orang', 610, 19, 9),
(633, 'Bekas Narapidana', 'Orang', 610, 19, 0),
(634, 'Korban Penyalahgunaan NAPZA', 'Orang', 610, 19, 0),
(635, 'Penyandang LGBT', 'Orang', 610, 19, 0),
(636, 'Korban LGBT', 'Orang', 610, 19, 0),
(637, 'Panti Asuhan', '', 609, 19, 0),
(638, 'Panti Sosial Asuhan Anak', '', 637, 19, 0),
(639, 'Jumlah Panti', 'Unit', 638, 19, 0),
(640, 'Jumlah Penghuni', 'Orang', 638, 19, 0),
(641, 'Jumlah Pekerja Sosial Profesional', 'Orang', 638, 19, 0),
(642, 'Jumlah Tenaga Kesejahteraan Sosial', 'Orang', 638, 19, 0),
(643, 'Panti Sosial Petirahan Anak', '', 637, 19, 0),
(644, 'Jumlah Panti', 'Unit', 643, 19, 0),
(645, 'Jumlah Penghuni', 'Orang', 643, 19, 0),
(646, 'Jumlah Pekerja Sosial Profesional', 'Orang', 643, 19, 0),
(647, 'Jumlah Tenaga Kesejahteraan Sosial', 'Orang', 643, 19, 0),
(648, 'Panti Asuhan Bina Remaja', 'Orang', 637, 19, 0),
(649, 'Jumlah Panti', 'Orang', 648, 19, 0),
(650, 'Jumlah Penghuni', 'Orang', 648, 19, 0),
(651, 'Jumlah Pekerja Sosial Profesional', 'Orang', 648, 19, 0),
(652, 'Jumlah Tenaga Kesejahteraan Sosial', 'Orang', 648, 19, 0),
(653, 'Rumah Singgah', '', 0, 19, 0),
(654, 'Jumlah Rumah Singgah', 'Unit', 653, 19, 0),
(655, 'Jumlah Penghuni', 'Orang', 653, 19, 0),
(656, 'Jumlah Pekerja Sosial Profesional', 'Orang', 653, 19, 0),
(657, 'Jumlah Tenaga Kesejahteraan Sosial', 'Orang', 653, 19, 0),
(658, 'Pembinaan Kesejahteraan Keluarga', '', 0, 19, 0),
(659, 'Jumlah PKK', '', 658, 19, 0),
(660, 'Jumlah PKK Aktif', 'Unit', 659, 19, 0),
(661, 'Jumlah PKK Tidak Aktif', 'Unit', 659, 19, 0),
(662, 'Jumlah Kelompok Binaan PKK', 'Kelompok', 658, 19, 0),
(663, 'Sarana Ibadah', '', 0, 19, 0),
(664, 'Masjid', 'Buah', 663, 19, 0),
(665, 'Langgar/Mushollah', 'Buah', 663, 19, 0),
(666, 'Surau', 'Orang', 663, 19, 0),
(667, 'Gereja Kristen', 'Buah', 663, 19, 0),
(668, 'Gereja Katolik', 'Buah', 663, 19, 0),
(669, 'Kasus Sosial', '', 0, 19, 0),
(670, 'Jumlah Kasus Narkoba', 'Kasus', 669, 19, 0),
(671, 'Jumlah Kasus Pembunuh', 'Kasus', 669, 19, 0),
(672, 'Jumlah Kasus Seksual', 'Kasus', 669, 19, 0),
(673, 'Jumlah Kasus Penganiayaan', 'Kasus', 669, 19, 0),
(674, 'Jumlah Kasus Pencurian', 'Kasus', 669, 19, 0),
(675, 'Jumlah Kasus Penipuan', 'Kasus', 669, 19, 0),
(676, 'Jumlah Kasus Pemalsuan Uang', 'Kasus', 669, 19, 0),
(677, 'Angka Harapan Hidup', '', 0, 19, 0),
(678, 'Jumlah Orang Meninggal', 'Orang', 677, 19, 0),
(679, 'Jumlah Usia Orang Meninggal', 'Orang', 677, 19, 0),
(680, 'Angka Harapan Hidup', 'Tahun', 677, 19, 0),
(681, 'Tenaga Kerja Berdasarkan Lapangan Pekerjaan', '', 0, 20, 7),
(682, 'Jumlah Tenaga Kerja di Bidang Pertanian, Kehutanan, Perkebunan dan Perikanan', 'Orang', 681, 20, 7),
(683, 'Jumlah Tenaga Kerja di Bidang Pertambangan dan Penggalian', 'Orang', 681, 20, 7),
(684, 'Jumlah Tenaga Kerja di Bidang Industri Pengolahan', 'Orang', 681, 20, 7),
(685, 'Jumlah Tenaga Kerja di Bidang Listrik, Gas dan Air', 'Orang', 681, 20, 7),
(686, 'Jumlah Tenaga Kerja di Bidang Bangunan', 'Orang', 681, 20, 7),
(687, 'Jumlah Tenaga Kerja di Bidang Perdagangan Besar, Eceran, Rumah Tangga dan Hotel', 'Orang', 681, 20, 7),
(688, 'Jumlah Tenaga Kerja di Bidang Angkutan, Pergudangan dan Komunikasi', 'Orang', 681, 20, 7),
(689, 'Jumlah Tenaga Kerja di Bidang Keuangan, Asuransi, Usaha Sewa Bangunan, Tanah dan Jasa Perusahaan', 'Orang', 681, 20, 7),
(690, 'Jumlah Tenaga Kerja di Bidang Jasa Kemasyarakatan', 'Orang', 681, 20, 7),
(691, 'Jumlah Tenaga Kerja di Bidang Lainnya', 'Orang', 681, 20, 7),
(692, 'Angkatan Kerja', '', 0, 20, 7),
(693, 'Jumlah Angkatan Kerja', 'Orang', 692, 20, 7),
(694, 'Laki-Laki', 'Orang', 693, 20, 7),
(695, 'Perempuan', 'Orang', 693, 20, 7),
(696, 'Jumlah PHK', 'Orang', 692, 20, 7),
(697, 'Jumlah Pekerja Difabel', 'Orang', 692, 20, 7),
(698, 'Jumlah Pekerja Dibawah Umur < 18 Tahun', 'Orang', 692, 20, 7),
(699, 'Pemberdayaan Perempuan dan Anak', '', 0, 21, 8),
(700, 'Jumlah Pemberdayaan Perempuan', 'Orang', 699, 21, 8),
(701, 'Jumlah Pemberdayaan Perempuan Bidang Politik', 'Orang', 700, 21, 8),
(702, 'Jumlah Pemberdayaan Perempuan Bidang Hukum', 'Orang', 700, 21, 8),
(703, 'Jumlah Pemberdayaan Perempuan Bidang Sosial', 'Orang', 700, 21, 8),
(704, 'Jumlah Pemberdayaan Perempuan Bidang Ekonomi', 'Orang', 700, 21, 8),
(705, 'Jumlah Perangkat Daerah Sudah Menerapkan PUG (Pengarusutamaan Gender)', 'Unit', 699, 21, 8),
(706, 'Jumlah Pekerja Perempuan', 'Orang', 699, 21, 8),
(707, 'Jumlah Pekerja Perempuan pada Lembaga Pemerintah', 'Orang', 706, 21, 8),
(708, 'Jumlah Pekerja Perempuan pada Lembaga Non Pemerintahan', 'Orang', 706, 21, 8),
(709, 'Jumlah Perempuan Sebagai Kepala Keluarga', 'Orang', 699, 21, 8),
(710, 'Jumlah Pekerja Anak', 'Orang', 699, 21, 8),
(711, 'Perlindungan Perempuan dan Anak', '', 0, 21, 8),
(712, 'Perempuan dan Anak Berhadapan dengan Hukum', 'Orang', 711, 21, 8),
(713, 'Jumlah Perempuan Berhadapan dengan Hukum', 'Orang', 712, 21, 8),
(714, 'Jumlah Perempuan Sebagai Pelaku', 'Orang', 713, 21, 8),
(715, 'Jumlah Perempuan Sebagai Korban', 'Orang', 713, 21, 8),
(716, 'Jumlah Anak Berhadapan dengan Hukum', 'Orang', 712, 21, 8),
(717, 'Jumlah Anak Sebagai Pelaku', 'Orang', 716, 21, 8),
(718, 'Jumlah Anak Sebagai Korban', 'Orang', 716, 21, 8),
(719, 'Jumlah Anak Sebagai Saksi', 'Orang', 716, 21, 8),
(720, 'Anak Berkebutuhan Khusus', '', 711, 21, 8),
(721, 'Jumlah Anak Berkebutuhan Khusus', 'Orang', 720, 21, 8),
(722, 'Jumlah Lembaga Penampungan Anak Berkebutuhan Khusus', 'Orang', 720, 21, 8),
(723, 'Jumlah Lembaga Pemerintah Penampungan Anak Berkebutuhan Khusus', 'Lembaga', 722, 21, 8),
(724, 'Jumlah Lembaga Swasta Penampungan Anak Berkebutuhan Khusus', 'Lembaga', 722, 21, 8),
(725, 'Laporan Pengaduan Perempuan dan Anak Korban Kekerasan', '', 711, 21, 8),
(726, 'Jumlah Laporan Pengaduan Perempuan Korban Kekerasan', 'Kasus', 725, 21, 8),
(727, 'Jumlah Laporan Pengaduan Perempuan Korban Kekerasan Ditindak Lanjuti', 'Kasus', 726, 21, 8),
(728, 'Jumlah Laporan Pengaduan Perempuan Korban Kekerasan Belum Ditindak Lanjuti', 'Kasus', 726, 21, 8),
(729, 'Jumlah Laporan Pengaduan Anak Korban Kekerasan', 'Kasus', 725, 21, 8),
(730, 'Jumlah Laporan Pengaduan Anak Korban Kekerasan Ditindak Lanjuti', 'Kasus', 729, 21, 8),
(731, 'Jumlah Laporan Pengaduan Anak Korban Kekerasan Belum Ditindak Lanjuti', 'Orang', 729, 21, 8),
(732, 'Lembaga Perlindungan Perempuan dan Anak', '', 711, 21, 8),
(733, 'Jumlah Unit Pelayanan Perempuan dan Anak (UPPA)', 'Unit', 732, 21, 8),
(734, 'Jumlah Pusat Krisis Terpadu (PKT)', 'Unit', 732, 21, 8),
(735, 'Jumlah Women Crisis Center (WCC)', 'Unit', 732, 21, 8),
(736, 'Jumlah Rumah Perlindungan Trauma Center (RPTC)', 'Unit', 732, 21, 8),
(737, 'Jumlah Satgas Perlindungan TKI Bermasalah', 'Unit', 732, 21, 8),
(738, 'Jumlah UPT Dinas Sosial', 'Unit', 732, 21, 8),
(739, 'Tenaga Terlatih Layanan Perempuan dan Anak Korban Kekerasan', '', 711, 21, 11),
(740, 'Jumlah Tenaga Rehabilitasi Sosial', 'Orang', 739, 21, 8),
(741, 'Jumlah Tenaga Psikolog', 'Orang', 740, 21, 8),
(742, 'Jumlah Tenaga Konselor', 'Orang', 740, 21, 8),
(743, 'Jumlah Tenaga Rohaniawan', 'Orang', 740, 21, 8),
(744, 'Jumlah Tenaga Kesehatan', 'Orang', 739, 21, 8),
(745, 'Jumlah Aparat Penegak Hukum', 'Orang', 739, 21, 8),
(746, 'Jumlah Tenaga Reintegrasi', 'Orang', 739, 21, 8),
(747, 'Kualitas Keluarga', '', 0, 21, 8),
(748, 'Jumlah Lembaga Penyedia Layanan Peningkatan Kualitas Keluarga', 'Unit', 747, 21, 8),
(749, 'Pemerintah', 'Unit', 748, 21, 8),
(750, 'Non Pemerintah', 'Unit', 748, 21, 8),
(751, 'Dunia Usaha', 'Unit', 748, 21, 8),
(752, 'Jumlah Lembaga Pemenuhan Hak Anak (PHA)', 'Unit', 747, 21, 11),
(753, 'Pemerintah', 'Unit', 752, 21, 8),
(754, 'Non Pemerintah', 'Unit', 752, 21, 8),
(755, 'Dunia Usaha', 'Unit', 752, 21, 8),
(756, 'Pendidikan Perempuan dan Anak', '', 0, 21, 8),
(757, 'Struktur Penduduk Perempuan Berdasarkan Pendidikan (> 18 Tahun)', '', 756, 21, 8),
(758, 'Jumlah Perempuan Tidak Bersekolah', 'Orang', 757, 21, 8),
(759, 'Jumlah Perempuan Tamatan SD/Sederajat', 'Orang', 757, 21, 8),
(760, 'Jumlah Perempuan Tamatan SMP/Sederajat', 'Orang', 757, 21, 8),
(761, 'Jumlah Perempuan Tamatan SMA/Sederajat', 'Orang', 757, 21, 8),
(762, 'Jumlah Perempuan Tamatan Diploma I/II/III', 'Orang', 757, 21, 8),
(763, 'Jumlah Perempuan Tamatan Perguruan Tinggi', 'Orang', 757, 21, 8),
(764, 'Struktur Penduduk Anak Berdasarkan Pendidikan (< 18 Tahun)', '', 756, 21, 8),
(765, 'Jumlah Anak Tidak Bersekolah', 'Orang', 764, 21, 8),
(766, 'Jumlah Anak Laki-Laki', 'Orang', 765, 21, 8),
(767, 'Jumlah Anak Perempuan', 'Orang', 765, 21, 8),
(768, 'Jumlah Anak Tamatan SD/Sederajat', 'Orang', 764, 21, 8),
(769, 'Jumlah Anak Laki-Laki', 'Orang', 768, 21, 8),
(770, 'Jumlah Anak Perempuan', 'Orang', 768, 21, 8),
(771, 'Jumlah Anak Tamatan SMP/Sederajat', 'Orang', 764, 21, 8),
(772, 'Jumlah Anak Laki-Laki', 'Orang', 771, 21, 8),
(773, 'Jumlah Anak Perempuan', 'Orang', 771, 21, 8),
(774, 'Jumlah Anak Tamatan SMA/Sederajat', 'Orang', 757, 21, 8),
(775, 'Jumlah Anak Laki-Laki', 'Orang', 774, 21, 8),
(776, 'Jumlah Anak Perempuan', 'Orang', 774, 21, 8),
(777, 'Jumlah Anak Jalanan', 'Orang', 756, 21, 8),
(778, 'Jumlah Anak Laki-Laki', 'Orang', 777, 21, 8),
(779, 'Jumlah Anak Perempuan', 'Orang', 777, 21, 8),
(780, 'Produksi Komoditas Pangan dan Ketersediaan Energi dan Protein', '', 0, 22, 12),
(781, 'Jumlah Produksi Komoditas Pangan Nabati', 'Ton', 780, 22, 12),
(782, 'Beras', 'Ton', 781, 22, 12),
(783, 'Jagung', 'Ton', 781, 22, 12),
(784, 'Kedelai', 'Ton', 781, 22, 12),
(785, 'Kacang Tanah', 'Ton', 781, 22, 12),
(786, 'Ubi Kayu', 'Ton', 781, 22, 12),
(787, 'Ubi Jalar', 'Ton', 781, 22, 12),
(788, 'Sayur', 'Ton', 781, 22, 12),
(789, 'Buah-Buahan', 'Ton', 781, 22, 12),
(790, 'Minyak Goreng', 'Ton', 781, 22, 12),
(791, 'Gula', 'Ton', 781, 22, 12),
(792, 'Jumlah Produksi Komoditas Pangan Hewani', 'Ton', 780, 22, 12),
(793, 'Daging Sapi dan Kerbau', 'Ton', 792, 22, 12),
(794, 'Daging Ayam', 'Ton', 792, 22, 12),
(795, 'Telur', 'Ton', 792, 22, 12),
(796, 'Susu', 'Ton', 792, 22, 12),
(797, 'Ikan', 'Ton', 792, 22, 12),
(798, 'Ketersediaan Energi dan Protein', 'Ton', 780, 22, 12),
(799, 'Energi', 'Kal/Kap/Hari', 798, 22, 12),
(800, 'Protein', 'Gram/Kap/Hari', 798, 22, 12),
(801, 'Perkembangan Rata-Rata Konsumsi Energi dan Protein', '', 0, 22, 12),
(802, 'Energi', 'Kal/Kap/Hari', 801, 22, 12),
(803, 'Protein', 'Gram/Kap/Hari', 801, 22, 12),
(804, 'Konsumsi Penduduk Terhadap Kelompok Bahan Pangan', '', 0, 22, 12),
(805, 'Padi-Padian', '', 804, 22, 12),
(806, 'Beras', 'Kg', 805, 22, 12),
(807, 'Jagung', 'Kg', 805, 22, 12),
(808, 'Terigu', 'Kg', 805, 22, 12),
(809, 'Umbi-Umbian', '', 804, 22, 12),
(810, 'Singkong', 'Kg', 809, 22, 12),
(811, 'Ubi Jalar', 'Kg', 809, 22, 12),
(812, 'Kentang', 'Kg', 809, 22, 12),
(813, 'Sagu', 'Kg', 809, 22, 12),
(814, 'Umbi Lainnya', 'Kg', 809, 22, 12),
(815, 'Pangan Hewani', '', 804, 22, 12),
(816, 'Daging Ruminansia', 'Kg', 815, 22, 12),
(817, 'Daging Unggas', 'Kg', 815, 22, 12),
(818, 'Telur', 'Kg', 815, 22, 12),
(819, 'Susu', 'Liter', 815, 22, 12),
(820, 'Ikan', 'Kg', 815, 22, 12),
(821, 'Minyak dan Lemak', '', 804, 22, 12),
(822, 'Minyak Kelapa', 'Liter', 821, 22, 12),
(823, 'Minyak Sawit', 'Liter', 821, 22, 12),
(824, 'Minyak Lainnya', 'Liter', 821, 22, 12),
(825, 'Buah/Biji Berminyak', '', 804, 22, 12),
(826, 'Kelapa', 'Kg', 825, 22, 12),
(827, 'Kemiri', 'Kg', 825, 22, 12),
(828, 'Kacang-Kacangan', '', 804, 22, 12),
(829, 'Kedelai', 'Kg', 828, 22, 12),
(830, 'Kacang Tanah', 'Kg', 828, 22, 12),
(831, 'Kacang Hijau', 'Kg', 828, 22, 12),
(832, 'Kacang Lainnya', 'Kg', 828, 22, 12),
(833, 'Gula', '', 804, 22, 12),
(834, 'Gula Pasir', 'Kg', 833, 22, 12),
(835, 'Gula Merah', 'Kg', 833, 22, 12),
(836, 'Sayuran dan Buah', '', 804, 22, 12),
(837, 'Sayur', 'Kg', 836, 22, 12),
(838, 'Buah', 'Kg', 836, 22, 12),
(839, 'Lain-Lain', '', 804, 22, 12),
(840, 'Minuman', 'Liter', 839, 22, 12),
(841, 'Bumbu-Bumbuan', 'Kg', 839, 22, 12),
(842, 'Pergudangan', '', 0, 22, 12),
(843, 'Jumlah Gudang Milik Pemerintah', 'Unit', 842, 22, 12),
(844, 'Kondisi Baik', 'Unit', 843, 22, 12),
(845, 'Kondisi Buruk', 'Unit', 843, 22, 12),
(846, 'Jumlah Gudang Milik Swasta', 'Unit', 842, 22, 12),
(847, 'Kondisi Baik', 'Unit', 846, 22, 12),
(848, 'Kondisi Buruk', 'Unit', 846, 22, 12),
(849, 'Jenis Hak Atas Tanah', '', 0, 24, 13),
(850, 'Jumlah Hak Milik', 'Sertifikat', 849, 24, 13),
(851, 'Jumlah Hak Guna Bangunan', 'Sertifikat', 849, 24, 13),
(852, 'Jumlah Hak Guna Usaha', 'Sertifikat', 849, 24, 13),
(853, 'Jumlah Hak Pakai', 'Sertifikat', 849, 24, 13),
(854, 'Jumlah Hak Sewa', 'Sertifikat', 849, 24, 13),
(855, 'Jumlah Girik', 'Sertifikat', 849, 24, 13),
(856, 'Jumlah Hak-Hak Lain', 'Sertifikat', 849, 24, 13),
(857, 'Luas Tanah Berdasarkan Hak', '', 0, 24, 13),
(858, 'Luas Hak Milik', 'Ha', 857, 24, 13),
(859, 'Luas Hak Guna Bangunan', 'Ha', 857, 24, 13),
(860, 'Luas Hak Guna Usaha', 'Ha', 857, 24, 13),
(861, 'Luas Hak Pakai', 'Ha', 857, 24, 13),
(862, 'Luas Hak Sewa', 'Ha', 857, 24, 13),
(863, 'Luas Girik', 'Ha', 857, 24, 13),
(864, 'Luas Hak-Hak Lain', 'Ha', 857, 24, 13),
(865, 'Lingkungan Hidup', '', 0, 25, 14),
(866, 'Kawasan Lindung', '', 865, 25, 14),
(867, 'Luas Kawasan Resapan Air', 'Ha', 866, 25, 14),
(868, 'Luas Kondisi Baik', 'ha', 867, 25, 14),
(869, 'Luas Kondisi Sedang', 'Ha', 867, 25, 14),
(870, 'Luas Kondisi Rusak', 'Ha', 867, 25, 14),
(871, 'Luas Sempadan Pantai', 'Ha', 866, 25, 14),
(872, 'Luas Kondisi Baik', 'Ha', 871, 25, 14),
(873, 'Luas Kondisi Sedang', 'Ha', 871, 25, 14),
(874, 'Luas Kondisi Rusak', 'Ha', 871, 25, 14),
(875, 'Luas Sempadan Sungai', 'Ha', 866, 25, 14),
(876, 'Luas Kondisi Baik', 'Ha', 875, 25, 14),
(877, 'Luas Kondisi Sedang', 'Ha', 875, 25, 14),
(878, 'Luas Kondisi Rusak', 'Ha', 875, 25, 14),
(879, 'Luas Kawasan Sekitar Danau/Waduk', 'Ha', 866, 25, 14),
(880, 'Luas Kondisi Baik', 'Ha', 879, 25, 14),
(881, 'Luas Kondisi Sedang', 'Ha', 879, 25, 14),
(882, 'Luas Kondisi Rusak', 'Ha', 879, 25, 14),
(883, 'Luas Kawasan Sekitar Mata Air', 'Ha', 866, 25, 14),
(884, 'Luas Kondisi Baik', 'Ha', 883, 25, 14),
(885, 'Luas Kondisi Sedang', 'Ha', 883, 25, 14),
(886, 'Luas Kondisi Rusak', 'Ha', 883, 25, 14),
(887, 'Tingkat Pencemaran Lingkungan', '', 865, 25, 14),
(888, 'Jumlah Lokasi Pencemaran Ringan', 'Lokasi', 887, 25, 14),
(889, 'Jumlah Lokasi Pencemaran Tanah', 'Lokasi', 888, 25, 14),
(890, 'Jumlah Lokasi Pencemaran Air', 'Lokasi', 888, 25, 14),
(891, 'Jumlah Lokasi Pencemaran Udara', 'Lokasi', 888, 25, 14),
(892, 'Jumlah Lokasi Pencemaran Kronis', 'Lokasi', 887, 25, 14),
(893, 'Jumlah Lokasi Pencemaran Tanah', 'Lokasi', 892, 25, 14),
(894, 'Jumlah Lokasi Pencemaran Air', 'Lokasi', 892, 25, 14),
(895, 'Jumlah Lokasi Pencemaran Udara', 'Lokasi', 892, 25, 14),
(896, 'Jumlah Lokasi Pencemaran Akut', 'Lokasi', 887, 25, 14),
(897, 'Jumlah Lokasi Pencemaran Tanah', 'Lokasi', 896, 25, 14),
(898, 'Jumlah Lokasi Pencemaran Air', 'Lokasi', 896, 25, 14),
(899, 'Jumlah Lokasi Pencemaran Udara', 'Ha', 896, 25, 14),
(900, 'Jumlah Perusahaan Industri/Pabrik', 'Perusahaan', 865, 25, 14),
(901, 'Memiliki Pengolahan Limbah', 'Perusahaan', 900, 25, 14),
(902, 'Tidak Memiliki Pengolahan Limbah', 'Perusahaan', 900, 25, 14),
(909, 'Sub Elemen 1', 'Unit', 908, 1, 1),
(916, 'Data Agregat Kependudukan Per Kecamtan Berdasarkan Jenis Kelamin', 'Jiwa', 0, 26, 15),
(917, 'Data Agregat Kependudukan Berdasarkan Kepala Keluarga', 'Jiwa', 0, 26, 15),
(919, 'Data Agregat Kependudukan Berdasarkan Agama', 'Jiwa', 0, 26, 15),
(920, 'Data Agregat Kependudukan Berdasarkan Pendidikan', 'Jiwa', 0, 26, 15),
(921, 'Data Agregat Kependudukan Berdasarkan Status Perwakilan', 'Jiwa', 0, 26, 15),
(922, 'Data Agregat Kependudukan Berdasarkan Pekerjaan', 'Jiwa', 0, 26, 15),
(923, 'Data Agregat Kependudukan Berdasarkan Kepemilikan Dokumen', 'Jiwa', 0, 26, 15),
(924, 'Jewereh (Laki-laki)', 'Jiwa', 916, 26, 15),
(925, 'Jereweh (Perempuan)', 'Jiwa', 916, 26, 15),
(926, 'Jumlah Pencari Kerja ', 'Orang', 926, 20, 7),
(927, 'Laki - Laki', 'Orang', 926, 20, 7),
(928, 'Jumlah Penduduk Kecamatan Poto Tano', 'Jiwa', 0, 26, 15),
(929, 'Laki - Laki', 'Jiwa', 928, 26, 15),
(930, 'Perempuan', 'Jiwa', 928, 26, 15),
(931, 'Jumlah Penduduk Kecamatan Seteluk', 'Jiwa', 0, 26, 15),
(932, 'Laki - Laki', 'Jiwa', 931, 26, 15),
(933, 'Perempuan', 'Jiwa', 931, 26, 15),
(934, 'Jumlah Penduduk Kecamatan Brang Rea', 'Jiwa', 0, 26, 15),
(935, 'Laki - Laki', 'Jiwa', 934, 26, 15),
(936, 'Perempuan', 'Jiwa', 934, 26, 15),
(937, 'Jumlah Penduduk Kecamatan Taliwang', 'Jiwa', 0, 26, 15),
(938, 'Laki - Laki', 'Jiwa', 937, 26, 15),
(939, 'Perempuan', 'Jiwa', 937, 26, 15),
(940, 'Jumlah Penduduk Kecamatan Brang Ene', 'Jiwa', 0, 26, 15),
(941, 'Laki - Laki', 'Jiwa', 940, 26, 15),
(942, 'Perempuan', 'Jiwa', 940, 26, 15),
(943, 'Jumlah Penduduk Kecamatan Jereweh', 'Jiwa', 0, 26, 15),
(944, 'Laki - Laki', 'Jiwa', 943, 26, 15),
(945, 'Perempuan', 'Jiwa', 943, 26, 15),
(946, 'Jumlah Penduduk Kecamatan Maluk', 'Jiwa', 0, 26, 15),
(947, 'Laki - Laki', 'Jiwa', 946, 26, 15),
(948, 'Perempuan', 'Jiwa', 946, 26, 15),
(949, 'Jumlah Penduduk Kecamatan Sekongkang', 'Jiwa', 0, 26, 15),
(950, 'Laki - Laki', 'Jiwa', 949, 26, 15),
(951, 'Perempuan', 'Jiwa', 949, 26, 15),
(952, 'Persantase Jumlah Penduduk Per Kecamatan', '%', 0, 26, 15),
(953, 'Kec. Sekongkang', '%', 952, 26, 15),
(954, 'Kec. Maluk', '%', 952, 26, 15),
(955, 'Kec. Jereweh', '%', 952, 26, 15),
(956, 'Kec. Taliwang', '%', 952, 26, 15),
(957, 'Kec. Brang Ene', '%', 952, 26, 15),
(958, 'Kec. Brang Rea', '%', 952, 26, 15),
(959, 'Kec. Seteluk', '%', 952, 26, 15),
(960, 'Kec. Poto Tano', '%', 952, 26, 15),
(961, 'Kepadatan Penduduk Per Kecamatan', 'Jiwa/Km2', 0, 26, 15),
(962, 'Kecamatan Poto Tano', 'Jiwa/Km2', 961, 26, 15),
(963, 'Kecamatan Seteluk', 'Jiwa/Km2', 961, 26, 15),
(964, 'Kecamatan Taliwang', 'Jiwa/Km2', 961, 26, 15),
(965, 'Kecamatan Brang Rea', 'Jiwa/Km2', 961, 26, 15),
(966, 'Kecamatan Brang Ene', 'Jiwa/Km2', 961, 26, 15),
(967, 'Kecamatan Jereweh', 'Jiwa/Km2', 961, 26, 15),
(968, 'Kecamatan Maluk', 'Jiwa/Km2', 961, 26, 15),
(969, 'Kecamatan Sekongkang', 'Jiwa/Km2', 961, 26, 15),
(970, 'Jumlah Penduduk Berdasarkan Status Perkawinan', 'Jiwa', 0, 26, 15),
(971, 'Kec. Sekongkang', 'Jiwa', 970, 26, 15),
(972, 'Belum Kawin', 'Jiwa', 971, 26, 15),
(973, 'Kawin', 'Jiwa', 971, 26, 15);
INSERT INTO `elemen` (`id`, `nama_elemen`, `satuan`, `id_parent`, `id_urusan`, `id_dinas`) VALUES
(974, 'Cerai Hidup', 'Jiwa', 971, 26, 15),
(975, 'Cerai Mati', 'Jiwa', 971, 26, 15),
(976, 'Kec. Maluk', 'Jiwa', 970, 26, 15),
(977, 'Belum Kawin', 'Jiwa', 976, 26, 15),
(978, 'Kawin', 'Jiwa', 976, 26, 15),
(979, 'Cerai Hidup', 'Jiwa', 976, 26, 15),
(980, 'Cerai Mati', 'Jiwa', 976, 26, 15),
(981, 'Kec. Jereweh', 'Jiwa', 970, 26, 15),
(982, 'Belum Kawin', 'Jiwa', 981, 26, 15),
(983, 'Kawin', 'Jiwa', 981, 26, 15),
(984, 'Cerai Hidup', 'Jiwa', 981, 26, 15),
(985, 'Cerai Mati', 'Jiwa', 981, 26, 15),
(986, 'Kec. Taliwang', 'Jiwa', 970, 26, 15),
(987, 'Belum Kawin', 'Jiwa', 986, 26, 15),
(988, 'Kawin', 'Jiwa', 986, 26, 15),
(989, 'Cerai Hidup', 'Jiwa', 986, 26, 15),
(990, 'Cerai Mati', 'Jiwa', 986, 26, 15),
(991, 'Kec. Brang Ene', 'Jiwa', 970, 26, 15),
(992, 'Belum Kawin', 'Jiwa', 991, 26, 15),
(993, 'Kawin', 'Jiwa', 991, 26, 15),
(994, 'Cerai Hidup', 'Jiwa', 991, 26, 15),
(995, 'Cerai Mati', 'Jiwa', 991, 26, 15),
(996, 'Kec. Brang Rea', 'Jiwa', 970, 26, 15),
(997, 'Belum Kawin', 'Jiwa', 996, 26, 15),
(998, 'Kawin', 'Jiwa', 996, 26, 15),
(999, 'Cerai Hidup', 'Jiwa', 996, 26, 15),
(1000, 'Cerai Mati', 'Jiwa', 996, 26, 15),
(1001, 'Kec. Seteluk', 'Jiwa', 970, 26, 15),
(1002, 'Jumlah Kepala Keluarga Per Kecamatan', 'Jiwa', 0, 26, 15),
(1003, 'Kec. Sekongkang', 'Jiwa', 1002, 26, 15),
(1004, 'Kec. Maluk', 'Jiwa', 1002, 26, 15),
(1005, 'Kec. Jereweh', 'Jiwa', 1002, 26, 15),
(1006, 'Kec. Taliwang', 'Jiwa', 1002, 26, 15),
(1007, 'Kec. Brang Ene', 'Jiwa', 1002, 26, 15),
(1008, 'Kec. Brang Rea', 'Jiwa', 1002, 26, 15),
(1009, 'Kec. Seteluk', 'Jiwa', 1002, 26, 15),
(1010, 'Kec. Poto Tano', 'Jiwa', 1002, 26, 15),
(1011, 'Jumlah Penduduk Berdasarkan Jenis Kelamin', 'Jiwa', 0, 26, 15),
(1012, 'Laki - Laki', 'Jiwa', 1011, 26, 15),
(1013, 'Perempuan', 'Jiwa', 1011, 26, 15),
(1014, 'Jumlah Pencari Kerja Yang Terdaftar Berdasarkan Kecamatan', 'Orang', 0, 20, 7),
(1015, 'Kec. Sekongkang', 'Orang', 1014, 20, 7),
(1016, 'Kec. Jereweh', 'Orang', 1014, 20, 7),
(1017, 'Kec. Maluk', 'Orang', 1014, 20, 7),
(1018, 'Kec. Taliwang', 'Orang', 1014, 20, 7),
(1019, 'Kec. Brang Ene', 'Orang', 1014, 20, 7),
(1020, 'Kec. Brang Rea', 'Orang', 1014, 20, 7),
(1021, 'Kec. Seteluk', 'Orang', 1014, 20, 7),
(1022, 'Kec. Poto Tano', 'Orang', 1014, 20, 7),
(1023, 'Jumlah Sekolah Taman Kanak - Kanak', 'Sekolah', 0, 1, 1),
(1024, 'Kec. Sekongkang', 'Sekolah', 1023, 1, 1),
(1025, 'Sekolah Negeri', 'Sekolah', 1024, 1, 1),
(1026, 'Sekolah Swasta', 'Sekolah', 1024, 1, 1),
(1027, 'Kec. Maluk', 'Sekolah', 1023, 1, 1),
(1028, 'Sekolah Negeri', 'Sekolah', 1027, 1, 1),
(1029, 'Sekolah Swasta', 'Sekolah', 1027, 1, 1),
(1030, 'Kec. Jereweh', 'Sekolah', 1023, 1, 1),
(1032, 'Sekolah Negeri', 'Sekolah', 1030, 1, 1),
(1033, 'Sekolah Swasta', 'Sekolah', 1030, 1, 1),
(1034, 'Kec. Taliwang', 'Sekolah', 1023, 1, 1),
(1035, 'Sekolah Negeri', 'Sekolah', 1034, 1, 1),
(1036, 'Sekolah Swasta', 'Sekolah', 1034, 1, 1),
(1037, 'Kec. Brang Ene', 'Sekolah', 1023, 1, 1),
(1038, 'Sekolah Negeri', 'Sekolah', 1037, 1, 1),
(1039, 'Sekolah Swasta', 'Sekolah', 1037, 1, 1),
(1040, 'Kec. Brang Rea', 'Sekolah', 1023, 1, 1),
(1041, 'Sekolah Negeri', 'Sekolah', 1040, 1, 1),
(1042, 'Sekolah Swasta', 'Sekolah', 1040, 1, 1),
(1043, 'Kec. Seteluk', 'Sekolah', 1023, 1, 1),
(1044, 'Sekolah Negeri', 'Sekolah', 1043, 1, 1),
(1045, 'Sekolah Swasta', 'Sekolah', 1043, 1, 1),
(1046, 'Kec. Poto Tano', 'Sekolah', 1023, 1, 1),
(1047, 'Sekolah Negeri', 'Sekolah', 1046, 1, 1),
(1048, 'Sekolah Swasta', 'Sekolah', 1046, 1, 1),
(1049, 'Jumlah sekolah Dasar di Kabupaten Sumbawa Barat', 'Sekolah', 0, 1, 1),
(1050, 'Kec. Sekongkang', 'Sekolah', 1049, 1, 1),
(1051, 'Sekolah Negeri', 'Sekolah', 1050, 1, 1),
(1052, 'Sekolah Swasta', 'Sekolah', 1050, 1, 1),
(1053, 'Kec. Maluk', 'Sekolah', 1049, 1, 1),
(1054, 'Sekolah Negeri', 'Sekolah', 1053, 1, 1),
(1055, 'Sekolah Swasta', 'Sekolah', 1053, 1, 1),
(1056, 'Kec. Jereweh', 'Sekolah', 1049, 1, 1),
(1057, 'Sekolah Negeri', 'Sekolah', 1056, 1, 1),
(1058, 'Sekolah Swasta', 'Sekolah', 1056, 1, 1),
(1059, 'Kec. Taliwang', 'Sekolah', 1049, 1, 1),
(1060, 'Sekolah Negeri', 'Sekolah', 1059, 1, 1),
(1061, 'Sekolah Swasta', 'Sekolah', 1059, 1, 1),
(1062, 'Kec. Brang Rea', 'Sekolah', 1049, 1, 1),
(1063, 'Sekolah Negeri', 'Sekolah', 1062, 1, 1),
(1064, 'Sekolah Swasta', 'Sekolah', 1062, 1, 1),
(1065, 'Kec. Brang Ene', 'Sekolah', 1049, 1, 1),
(1066, 'Sekolah Negeri', 'Sekolah', 1065, 1, 1),
(1067, 'Sekolah Swasta', 'Sekolah', 1065, 1, 1),
(1068, 'Kec. Seteluk', 'Sekolah', 1049, 1, 1),
(1069, 'Sekolah Negeri', 'Sekolah', 1068, 1, 1),
(1070, 'Sekolah Swasta', 'Sekolah', 1068, 1, 1),
(1071, 'Kec. Poto Tano', 'Sekolah', 1049, 1, 1),
(1072, 'Sekolah Negeri', 'Sekolah', 1071, 1, 1),
(1073, 'Sekolah Swasta', 'Sekolah', 1071, 1, 1),
(1074, 'Jumlah Sekolah Tingkat Pertama', 'Sekolah', 0, 1, 1),
(1075, 'Kec. Sekongkang', 'Sekolah', 1074, 1, 1),
(1076, 'Sekolah Negeri', 'Sekolah', 1075, 1, 1),
(1077, 'Sekolah Swasta', 'Sekolah', 1075, 1, 1),
(1078, 'Kec. Maluk', 'Sekolah', 1074, 1, 1),
(1079, 'Sekolah Negeri', 'Sekolah', 1078, 1, 1),
(1080, 'Sekolah Swasta', 'Sekolah', 1078, 1, 1),
(1082, 'Sekolah Negeri', 'Sekolah', 1081, 1, 1),
(1083, 'Sekolah Swasta', 'Sekolah', 1081, 1, 1),
(1084, 'Kec. Taliwang', 'Sekolah', 1074, 1, 1),
(1085, 'Sekolah Negeri', 'Sekolah', 1084, 1, 1),
(1086, 'Sekolah Swasta', 'Sekolah', 1084, 1, 1),
(1087, 'Kec. Brang Ene', 'Sekolah', 1074, 1, 1),
(1088, 'Sekolah Negeri', 'Sekolah', 1087, 1, 1),
(1089, 'Sekolah Swasta', 'Sekolah', 1087, 1, 1),
(1090, 'Kec. Brang Rea', 'Sekolah', 1074, 1, 1),
(1091, 'Sekolah Negeri', 'Sekolah', 1090, 1, 1),
(1092, 'Sekolah Swasta', 'Sekolah', 1090, 1, 1),
(1096, 'Kec. Poto Tano', 'Sekolah', 1074, 1, 1),
(1097, 'Sekolah Negeri', 'Sekolah', 1096, 1, 1),
(1098, 'Sekolah Swasta', 'Sekolah', 1096, 1, 1),
(1101, 'Jumlah Rumah Bersalin', 'Unit', 220, 5, 4),
(1102, 'Jumlah Apotik', 'Unit', 220, 5, 4),
(1103, 'Tenaga Teknisi Medis', 'Orang', 232, 5, 4),
(1105, 'Hepatitis B 1', 'orang', 1104, 5, 4),
(1106, 'Hepatitis B 2', 'orang', 1104, 5, 4),
(1107, 'DPT 1', 'orang', 1104, 5, 4),
(1108, 'DPT 2', 'orang', 1104, 5, 4),
(1109, 'DPT 3', 'orang', 1104, 5, 4),
(1110, 'Jumlah Balita Yang Sudah Mendapat Imunisasi Menurut Jenis Imunisasi', 'orang', 169, 5, 4),
(1111, 'Hepatitis B 1', 'orang', 1110, 5, 4),
(1112, 'Hepatitis B 2', 'orang', 1110, 5, 4),
(1113, 'DPT 1', 'orang', 1110, 5, 4),
(1114, 'DPT 2', 'orang', 1110, 5, 4),
(1115, 'DPT 3', 'orang', 1110, 5, 4),
(1116, 'BCG', 'orang', 1110, 5, 4),
(1117, 'Polio 1', 'orang', 1110, 5, 4),
(1118, 'Polio 2', 'orang', 1110, 5, 4),
(1119, 'Polio 3', 'orang', 1110, 5, 4),
(1120, 'Polio 4', 'orang', 1110, 5, 4),
(1121, 'Campak', 'orang', 1110, 5, 4),
(1122, 'Jumlah Pasangan Usia Subur (PUS) Tidak KB Berdasarkan Kehamilan', 'orang', 0, 21, 8),
(1123, 'Hamil', 'orang', 1122, 21, 8),
(1124, 'Tidak Hamil', 'orang', 1122, 21, 8),
(1125, 'Jumlah Akseptor KB Aktif  Berdasarkan Jalur Pelayanan', 'orang', 0, 21, 8),
(1126, 'Pemerintah', 'orang', 1125, 21, 8),
(1127, 'Swasta', 'orang', 1125, 21, 8),
(1128, 'Jumlah Klinik Keluarga Berencana (KKB) dan Pembantu Petugas Keluarga Berencana Desa (PPKBD)', 'Unit', 0, 21, 8),
(1129, 'Jumlah KKB', 'Unit', 1128, 21, 8),
(1130, 'Jumlah PPKBD', 'Unit', 1128, 21, 8),
(1131, 'Jumlah Pasangan Usi Subur (PUS) dan Alat Kontrasepsi Yang Digunakan', 'orang', 0, 21, 8),
(1132, 'IUD', 'orang', 1131, 21, 8),
(1133, 'MOP', 'orang', 1131, 21, 8),
(1134, 'MOW', 'orang', 1131, 21, 8),
(1135, 'IMPLAN', 'orang', 1131, 21, 8),
(1136, 'STK', 'orang', 1131, 21, 8),
(1137, 'PIL', 'orang', 1131, 21, 8),
(1138, 'KONDOM', 'orang', 1131, 21, 8),
(1139, 'LAINNYA', 'orang', 1131, 21, 8),
(1140, 'Banyaknya Jenis Plasma Nutfah Dilindungi, Terancam Punah dan Endemik', 'Spesies', 0, 25, 14),
(1141, 'Plasma Nutfah Dilindungi', 'Spesies', 1140, 25, 14),
(1142, 'Plasma Nutfah Terancam Punah', 'Spesies', 1140, 25, 14),
(1143, 'Plasma Nutfah Endemik', 'Spesies', 1140, 25, 14),
(1144, 'Banyaknya Taman Kota dan Jalur Hijau', 'Lokasi', 0, 25, 14),
(1145, 'Taman Kota', 'Lokasi', 1144, 25, 14),
(1146, 'Jalur HIjau', 'Lokasi', 1144, 25, 14),
(1147, 'Banyaknya Truk Sampah dan Bak Sampah Umum', 'Unit', 0, 25, 14),
(1148, 'Truk Sampah', 'Unit', 1147, 25, 14),
(1149, 'Bak Sampah Umum', 'Unit', 1147, 25, 14),
(1150, 'Anak Berhadapan Dengan Hukum', 'orang', 610, 19, 9),
(1151, 'Anak Dengan Ketidakstabilan (ADK)', 'orang', 610, 19, 9),
(1152, 'Penyandang Disabilitas', 'orang', 610, 19, 9),
(1153, 'Korban Penyalahgunaan NAPZA', 'orang', 610, 19, 9),
(1154, 'Pekerjan Migran Bermasalah Sosial', 'orang', 610, 19, 9),
(1155, 'Wanita Rawan Sosial Ekonomi', 'orang', 610, 19, 9),
(1156, 'Keluarga Bermasalah Sosial', 'orang', 610, 19, 9),
(1157, 'Korban Bencana Yang Mendapat Pelayanan Sosial (Korban Bencana Alam Gempa)', 'orang', 610, 19, 9),
(1158, 'Korban Bencana Yang Mendapat Pelayanan Sosial (Korban Bencana Sosial)', 'orang', 610, 19, 9),
(1159, 'Tanah Kosong', 'Persil', 0, 24, 13),
(1160, 'Jumlah Tanah Kosong', 'Persil', 1159, 24, 13),
(1161, 'Luas Tanah Kosong', 'Ha', 1159, 24, 13),
(1162, 'Jumlah Tanah Kosong Dimanfaatkan', 'Persil', 1159, 24, 13),
(1163, 'Luas Tanah Kosong Yang Belum DiManfaatkan', 'Ha', 1159, 24, 13),
(1164, 'Jumlah Tanah Kosong Belum Dimanfaatkan', 'Persil', 1159, 24, 13),
(1165, 'Jumlah Tanah Kosong Belum Dimanfaatkan', 'Ha', 1159, 24, 13),
(1166, 'Jumlah Kasus Sengketa Tanah Belum Selesai', 'Kasus', 1166, 24, 13),
(1168, 'Jumlah Kepemilikan Tanah Ulayat', 'Sertifikat', 0, 24, 13),
(1169, 'Jumlah Tanah Ulayat Bersertifikat', 'Sertifikat', 1168, 24, 13),
(1170, 'Jumlah Tanah Ulayat Tidak Bersertifikat', 'Sertifikat', 1168, 24, 13),
(1171, 'Luas Kepemilikan Tanah Ulayat', 'Ha', 0, 24, 13),
(1172, 'Luas Tanah Ulayat Bersertifikat', 'Ha', 1171, 24, 13),
(1173, 'Luas Tanah Ulayat Tidak Bersertifikat', 'Ha', 1171, 24, 13),
(1174, 'Jumlah Kasus Sengketa Tanah', 'Kasus', 0, 24, 13),
(1175, 'Jumlah Kasus Sengketa Tanah Selesai', 'Kasus', 1174, 24, 13),
(1176, 'Jumlah Kasus Sengketa Tanah Belum Selesai', 'Kasus', 1174, 24, 13),
(1177, 'Sex Ratio', '%', 0, 26, 15),
(1178, 'Jumlah Pemuda Usia 16-30 Tahun', 'orang', 0, 29, 16),
(1179, 'Jumlah Laki-Laki', 'orang', 1178, 29, 16),
(1180, 'Jumlah Perempuan', 'orang', 1178, 29, 16),
(1181, 'Struktur Pemuda Berdasarkan Pendidikan', 'orang', 0, 29, 16),
(1182, 'Jumlah Tidak Bersekolah', 'orang', 1181, 29, 16),
(1183, 'Jumlah Laki-Laki', 'orang', 1182, 29, 16),
(1184, 'Jumlah Perempuan', 'orang', 1182, 29, 16),
(1185, 'Jumlah Tidak Tamat SD', 'orang', 1181, 29, 16),
(1186, 'Jumlah Laki-Laki', 'orang', 1185, 29, 16),
(1187, 'Jumlah Perempuan', 'orang', 1185, 29, 16),
(1189, 'Jumlah Laki-Laki', 'orang', 1188, 29, 16),
(1190, 'Jumlah Perempuan', 'orang', 1188, 29, 16),
(1191, 'Jumlah Tamat SD', 'orang', 1181, 29, 16),
(1192, 'Jumlah Laki-Laki', 'orang', 1191, 29, 16),
(1193, 'Jumlah Perempuan', 'orang', 1191, 29, 16),
(1194, 'Jumlah Tidak Tamat SMP', 'orang', 1181, 29, 16),
(1195, 'Jumlah Laki-Laki', 'orang', 1194, 29, 16),
(1196, 'Jumlah Perempuan', 'orang', 1194, 29, 16),
(1197, 'Jumlah Tamat SMP', 'orang', 1181, 29, 16),
(1198, 'Jumlah Laki-Laki', 'orang', 1197, 29, 16),
(1199, 'Jumlah Perempuan', 'orang', 1197, 29, 16),
(1200, 'Jumlah Tidak Tamat SMA', 'orang', 1181, 29, 16),
(1201, 'Jumlah Laki-Laki', 'orang', 1200, 29, 16),
(1202, 'Jumlah Perempuan', 'orang', 1200, 29, 16),
(1203, 'Jumlah Tamat SMA', 'orang', 1181, 29, 16),
(1204, 'Jumlah Laki-Laki', 'orang', 1203, 29, 16),
(1205, 'Jumlah Perempuan', 'orang', 1203, 29, 16),
(1206, 'Jumlah Tamat Perguruan Tinggi', 'orang', 1181, 29, 16),
(1207, 'Jumlah Laki-Laki', 'orang', 1206, 29, 16),
(1208, 'Jumlah Perempuan', 'orang', 1206, 29, 16),
(1209, 'Jenis dan Jumlah Organisasi Kepemudaan', 'orang', 0, 29, 16),
(1210, 'Organisasi Bidang Politik', 'Kelompok', 1209, 29, 16),
(1211, 'Organisasi Bidang Olahraga', 'Kelompok', 1209, 29, 16),
(1212, 'Organisasi Bidang Ekonomi', 'Kelompok', 1209, 29, 16),
(1213, 'Organisasi Bidang Sosial', 'Kelompok', 1209, 29, 16),
(1214, 'Jumlah Lapangan Bola Volly', 'Unit', 1214, 29, 16),
(1215, 'Prasarana Olahrga', 'Unit', 0, 29, 16),
(1216, 'Jumlah Lapangan Bola Volly', 'unit', 1215, 29, 16),
(1217, 'Jumlah Lapangan Basket', 'unit', 1215, 29, 16),
(1218, 'Jumlah Lapangan Tenis', 'unit', 1215, 29, 16),
(1219, 'Jumlah Stadion Sepak Bola', 'unit', 1215, 29, 16),
(1220, 'Tipe A', 'unit', 1219, 29, 16),
(1221, 'Tipe B', 'unit', 1219, 29, 16),
(1222, 'Tipe C', 'unit', 1219, 29, 16),
(1224, 'Jumlah Stadion Atletik', 'unit', 1215, 29, 16),
(1225, 'Tipe A', 'unit', 1224, 29, 16),
(1226, 'Tipe B', 'unit', 1224, 29, 16),
(1227, 'Tipe C', 'unit', 1224, 29, 16),
(1228, 'Jumlah Lapangan Bulu Tangkis', 'unit', 1215, 29, 16),
(1229, 'Desa', 'unit', 1228, 29, 16),
(1230, 'Kota', 'unit', 1228, 29, 16),
(1231, 'Jumlah Gedung Olahraga', 'unit', 1215, 29, 16),
(1232, 'Tipe A', 'unit', 1231, 29, 16),
(1233, 'Tipe B', 'unit', 1231, 29, 16),
(1234, 'Tipe C', 'unit', 1231, 29, 16),
(1235, 'Jumlah Kolam Renang', 'unit', 1215, 29, 16),
(1236, 'Jumlah Sasana Tinju/Beladiri', 'unit', 1215, 29, 16),
(1237, 'Jumlah Velodrome', 'unit', 1215, 29, 16),
(1238, 'Jumlah Arena Bowling', 'unit', 1215, 29, 16),
(1239, 'Jumlah Rumah Billiard', 'unit', 1215, 29, 16),
(1240, 'Jumlah Lapangan Olahraga Terbuka', 'unit', 1215, 29, 16),
(1241, 'Kondisi Prasarana Olahraga', 'unit', 0, 29, 16),
(1242, 'Jumlah Lapangan Bola Volly', 'unit', 1241, 29, 16),
(1243, 'Kondisi Baik', 'unit', 1242, 29, 16),
(1244, 'Kondisi Kurang Baik', 'unit', 1242, 29, 16),
(1245, 'Jumlah Lapangan Bola Basket', 'unit', 1241, 29, 15),
(1246, 'Kondisi Baik', 'unit', 1245, 29, 16),
(1247, 'Kondisi Kurang Baik', 'unit', 1245, 29, 16),
(1248, 'Jumlah Lapangan Tenis', 'unit', 1241, 29, 16),
(1249, 'Kondisi Baik', 'unit', 1248, 29, 16),
(1250, 'Kondisi Kurang Baik', 'unit', 1248, 29, 16),
(1251, 'Jumlah Stadion Atletik Tipe A dan Tipe B', 'unit', 1241, 29, 16),
(1252, 'Kondisi Baik', 'unit', 1251, 29, 16),
(1253, 'Kondisi Kurang Baik', 'unit', 1251, 29, 16),
(1254, 'Jumlah Stadion Atletik Tipe C', 'unit', 1241, 29, 16),
(1255, 'Kondisi Baik', 'unit', 1254, 29, 16),
(1256, 'Kondisi Kurang Baik', 'unit', 1254, 29, 16),
(1257, 'Kondisi Kurang Baik', 'unit', 1254, 29, 16),
(1258, 'Jumlah Lapangan Bulu Tangkis', 'unit', 1241, 29, 16),
(1259, 'Kondisi Baik', 'unit', 1258, 29, 16),
(1260, 'Jumlah Gedung Olahraga Tipe A, Tipe B dan Tipe C', 'unit', 1241, 29, 16),
(1261, 'Jumlah Kolam Renang', 'unit', 1241, 29, 16),
(1262, 'Kondisi Baik', 'unit', 1261, 29, 16),
(1263, 'Kondisi Kurang Baik', 'unit', 1261, 29, 16),
(1264, 'Jumlah Sasana Tinju/Beladiri', 'unit', 1241, 29, 16),
(1265, 'Jumlah Velodrome dan Jumlah Arena Bowling', 'unit', 1241, 29, 16),
(1266, 'Kondisi Baik', 'unit', 1265, 29, 16),
(1267, 'Kondisi Kurang Baik', 'unit', 1265, 29, 16),
(1268, 'Jumlah Rumah Billiard', 'unit', 1241, 29, 16),
(1269, 'Kondisi Baik', 'unit', 1268, 29, 16),
(1270, 'Kondisi Kurang Baik', 'unit', 1268, 29, 16),
(1271, 'Jumlah Klub Olahraga', 'unit', 0, 29, 16),
(1272, 'Bola Volly', 'klub', 1271, 29, 16),
(1273, 'Bola Basket', 'klub', 1271, 29, 16),
(1274, 'Sepak Bola', 'klub', 1271, 29, 16),
(1275, 'Futsal', 'klub', 1271, 29, 16),
(1276, 'Sepak Takraw', 'unit', 1271, 29, 16),
(1277, 'Tenis', 'klub', 1271, 29, 16),
(1278, 'Tenis Meja', 'klub', 1271, 29, 16),
(1279, 'Bulu Tangkis', 'klub', 1271, 29, 16),
(1280, 'Billiard', 'klub', 1271, 29, 16),
(1281, 'Bowling', 'klub', 1271, 29, 16),
(1282, 'Renang', 'klub', 1271, 29, 16),
(1283, 'Tinju/Beladiri', 'klub', 1271, 29, 16),
(1284, 'Sepeda', 'klub', 1271, 29, 16),
(1285, 'Binaraga', 'klub', 1271, 29, 16),
(1286, 'Panahan', 'klub', 1271, 29, 16),
(1287, 'Olahraga Lainnya', 'klub', 1271, 29, 16),
(1288, 'Jumlah Objek Wisata', 'objek', 0, 30, 16),
(1289, 'Objek Wisata Budaya', 'objek', 1288, 30, 16),
(1290, 'Objek Wisata Bahari', 'objek', 1288, 30, 16),
(1291, 'Objek Wisata Cagar Alam', 'objek', 1288, 30, 16),
(1292, 'Objek Wisata Pertanian', 'objek', 1288, 30, 16),
(1293, 'Objek Wisata Buru', 'objek', 1288, 30, 16),
(1294, 'Objek Wisata Alam', 'objek', 1288, 30, 16),
(1295, 'Objek Wisata Sejarah', 'objek', 1288, 30, 16),
(1296, 'Objek Wisata Religi', 'objek', 1288, 30, 16),
(1297, 'Objek Wisata Pendidikan', 'objek', 1288, 30, 16),
(1298, 'Objek Wisata Kuliner', 'objek', 1288, 30, 16),
(1299, 'Objek Wisata Belanja', 'objek', 1288, 30, 16),
(1300, 'Objek Wisata Buatan', 'objek', 1288, 30, 16),
(1301, 'Jumlah Kunjungan Wisatawan', 'orang', 0, 30, 16),
(1302, 'Wisatawan Domestik', 'orang', 1301, 30, 16),
(1303, 'Wisatawan Mancanegara', 'orang', 1301, 30, 16),
(1304, 'Kunjungan Wisatawan Objek Wisata Budaya', 'orang', 0, 30, 16),
(1305, 'Wisatawan Domestik', 'orang', 1304, 30, 16),
(1306, 'Wisatawan Mancanegara', 'orang', 1304, 30, 16),
(1307, 'Kunjungan Wisatawan Objek Wisata Bahari', 'orang', 0, 30, 16),
(1308, 'Wisatawan Domestik', 'orang', 1307, 30, 16),
(1309, 'Wisatawan Mancanegara', 'orang', 1307, 30, 16),
(1310, 'Kunjungan Wisatawan Objek Wisata Cagar Alam', 'orang', 0, 30, 16),
(1311, 'Wisatawan Domestik', 'orang', 1310, 30, 16),
(1312, 'Wisatawan Mancanegara', 'orang', 1310, 30, 16),
(1313, 'Kunjungan Wisatawan Objek Wisata Pertanian', 'orang', 0, 30, 16),
(1314, 'Wisatawan Domestik', 'orang', 1313, 30, 16),
(1315, 'Wisatawan Mancanegara', 'orang', 1313, 30, 16),
(1316, 'Kunjungan Wisatawan Objek Wisata Buru', 'orang', 0, 30, 16),
(1317, 'Wisatawan Domestik', 'orang', 1316, 30, 16),
(1318, 'Wisatawan Mancanegara', 'orang', 1316, 30, 16),
(1319, 'Kunjungan Wisatawan Objek Wisata Alam', 'orang', 0, 30, 16),
(1320, 'Wisatawan Domestik', 'orang', 1319, 30, 16),
(1321, 'Wisatawan Mancanegara', 'orang', 1319, 30, 16),
(1322, 'Kunjungan Wisatawan Objek Wisata Sejarah', 'orang', 0, 30, 16),
(1323, 'Wisatawan Domestik', 'orang', 1322, 30, 16),
(1324, 'Kunjungan Wisatawan Objek Wisata Religi', 'orang', 0, 30, 16),
(1325, 'Wisatawan Domestik', 'orang', 1324, 30, 16),
(1326, 'Wisatawan Mancanegara', 'orang', 1324, 30, 16),
(1327, 'Kunjungan Wisatawan Objek Wisata Pendidikan', 'orang', 0, 30, 16),
(1328, 'Wisatawan Domestik', 'orang', 1327, 30, 16),
(1329, 'Wisatawan Mancanegara', 'orang', 1327, 30, 16),
(1330, 'Kunjungan Wisatawan Objek Wisata Kuliner', 'orang', 0, 30, 16),
(1331, 'Wisatawan Domestik', 'orang', 1330, 30, 16),
(1332, 'Wisatawan Mancanegara', 'orang', 1330, 30, 16),
(1333, 'Kunjungan Wisatawan Objek Wisata Belanja', 'orang', 0, 30, 16),
(1334, 'Wisatawan Domestik', 'orang', 1333, 30, 16),
(1335, 'Wisatawan Mancanegara', 'orang', 1333, 30, 16),
(1336, 'Kunjungan Wisatawan Objek Wisata Buatan', 'orang', 0, 30, 16),
(1337, 'Wisatawan Domestik', 'orang', 1336, 30, 16),
(1338, 'Wisatawan Mancanegara', 'orang', 1336, 30, 16),
(1339, 'Lama Kunjungan Wisatawan', 'hari', 0, 30, 16),
(1340, 'Wisatawan Domestik', 'hari', 1339, 30, 16),
(1341, 'Wisatawan Mancanegara', 'hari', 1339, 30, 16),
(1343, 'Jumlah Kamar', 'kamar', 1342, 30, 16),
(1345, 'Jumlah Hotel', 'unit', 0, 30, 16),
(1346, 'Jumlah Hotel Bintang Lima', 'unit', 1345, 30, 16),
(1347, 'Jumlah Kamar', 'kamar', 1346, 30, 16),
(1348, 'Jumlah Hotel Bintang Empat', 'unit', 1345, 30, 16),
(1349, 'Jumlah Kamar', 'kamar', 1348, 30, 16),
(1350, 'Jumlah Hotel Bintang Tiga', 'unit', 1345, 30, 16),
(1351, 'Jumlah Kamar', 'kamar', 1350, 30, 16),
(1352, 'Jumlah Hotel Bintang Dua', 'unit', 1345, 30, 15),
(1353, 'Jumlah Kamar', 'kamar', 1352, 30, 16),
(1354, 'Jumlah Hotel Bintang Satu', 'unit', 1345, 30, 16),
(1355, 'Jumlah Kamar', 'kamar', 1354, 30, 16),
(1357, 'Jumlah Hotel Melati', 'unit', 1345, 30, 16),
(1359, 'Jumlah Kamar', 'kamar', 1357, 30, 16),
(1360, 'Penginapan Lainnya', 'unit', 0, 30, 16),
(1361, 'Jumlah Motel', 'unit', 1360, 30, 16),
(1362, 'Jumlah Wisma Tamu', 'unit', 1360, 30, 16),
(1363, 'Jumlah Kondotel', 'unit', 1360, 30, 16),
(1364, 'Jumlah Sanitarium/Sanatorium', 'unit', 1360, 30, 16),
(1365, 'Jumlah Bungalow', 'unit', 1360, 30, 16),
(1366, 'Jumlah Mess', 'unit', 1360, 30, 16),
(1367, 'Jumlah Home Stay', 'unit', 1360, 30, 16),
(1368, 'Jumlah Hostel/Asrama', 'unit', 1360, 30, 16),
(1369, 'Jumlah Guest House', 'unit', 1360, 30, 16),
(1370, 'Jumlah Biro Wisata dan Agen Perjalanan Wisata', 'Biro/Agen', 0, 30, 16),
(1371, 'Jumlah Biro Wisata', 'Biro', 1370, 30, 16),
(1372, 'Jumlah Agen Perjalanan Wisata', 'Agen', 1370, 30, 16),
(1373, 'Jumlah Pemandu Wisata', 'orang', 0, 30, 16),
(1374, 'Bersertifikat', 'orang', 1373, 30, 16),
(1375, 'Tidak Bersertifikat', 'orang', 1373, 30, 16),
(1376, 'Jenis Usaha Jasa Makanan/Minuman', 'Buah', 0, 30, 16),
(1377, 'Jumlah Restoran', 'Buah', 1376, 30, 16),
(1378, 'Jumlah Cafetaria/Cafe', 'Buah', 1376, 30, 16),
(1379, 'Jumlah Kantin', 'Buah', 1376, 30, 16),
(1380, 'Jumlah Coffee Shop', 'Buah', 1376, 30, 16),
(1381, 'Jumlah PUB/Bar', 'Buah', 1376, 30, 16),
(1382, 'Jumlah Warung/Kedai Makanan', 'Buah', 1376, 30, 16),
(1383, 'Kategori Restoran Berdasarkan Jenis Makanan Yang Disediakan', 'Resto', 0, 30, 16),
(1384, 'American Food', 'Resto', 1383, 30, 16),
(1385, 'Chinnese Food', 'Resto', 1383, 30, 16),
(1386, 'European Food', 'Resto', 1383, 30, 16),
(1387, 'Indian Food', 'Resto', 1383, 30, 16),
(1388, 'Indonesia Food', 'Resto', 1383, 30, 16),
(1389, 'International Food', 'Resto', 1383, 30, 16),
(1390, 'Italian Food', 'Resto', 1383, 30, 16),
(1391, 'Japanese Food', 'Resto', 1383, 30, 16),
(1392, 'Middle Eastern Food', 'Resto', 1383, 30, 16),
(1393, 'Sea Food', 'Resto', 1383, 30, 16),
(1394, 'Thai Food', 'Resto', 1383, 30, 16),
(1395, 'Vegetarian Food', 'Resto', 1383, 30, 16),
(1396, 'Pusat Penjualan Cenderamata', 'Toko/orang', 0, 30, 16),
(1397, 'Toko Cenderamata', 'Toko', 1396, 30, 16),
(1398, 'Pedagang Cendermata Non Toko', 'orang', 1396, 30, 16),
(1399, 'Penerimaan Daerah Dari Pariwisata', 'Rupiah', 0, 30, 16),
(1400, 'Penerimaan Dari Pajak', 'Rupiah', 1399, 30, 16),
(1401, 'Penerimaan Dari Retribusi', 'Rupiah', 1399, 30, 16),
(1402, 'Layanan Telepon Seluler', 'Desa', 0, 31, 17),
(1403, 'Jumlah Desa Terlayani', 'Desa', 1402, 31, 17),
(1404, 'Jumlah Desa Belum Terlayani', 'Desa', 1402, 31, 17),
(1405, 'Jumlah BTS', 'unit', 1402, 31, 17),
(1406, 'Jumlah Provider', 'Provider', 1402, 31, 17),
(1407, 'Layanan Telepon Kabel', 'SS', 0, 31, 17),
(1408, 'Jumlah Jaringan Telepon Tersedia', 'SS', 1407, 31, 17),
(1409, 'Jumlah Jaringan Terpasang', 'SS', 1407, 31, 17),
(1410, 'Jumlah Sambungan Rumah Tangga', 'SS', 1409, 31, 17),
(1411, 'Jumlah Sambungan Perkantoran', 'SS', 1409, 31, 17),
(1412, 'Jumlah Sambungan Swasta/Dunia Usaha', 'SS', 1409, 31, 17),
(1413, 'Jumlah Telepon Umum Koin', 'SS', 1409, 31, 17),
(1414, 'Jumlah Telepon Umum Kartu', 'SS', 1409, 31, 17),
(1415, 'Jumlah Warung Telepon', 'SS', 1409, 31, 17),
(1416, 'Layanan Informatika', 'Desa', 0, 31, 17),
(1417, 'Jumlah Desa Terlayani', 'Desa', 1416, 31, 17),
(1418, 'Jumlah Desa Belum Terlayani', 'Desa', 1416, 31, 17),
(1420, 'Kantor POS', 'unit', 0, 31, 17),
(1421, 'Jumlah Kantor POS', 'unit', 1420, 31, 17),
(1422, 'Jumlah Kantor POS Pembantu', 'unit', 1420, 31, 17),
(1423, 'Jumlah Desa Terlayani Pos Keliling', 'Desa', 1420, 31, 17),
(1425, 'Jumlah Stasiun Radio', 'Stasiun', 0, 31, 17),
(1426, 'Jumlah Statiun Radio Pemerintah', 'Stasiun', 1425, 31, 17),
(1427, 'Jumlah Statiun Radio Swasta', 'Stasiun', 1425, 31, 16),
(1428, 'Cakupan Layanan Stasiun Radio', 'Kecamatan', 0, 31, 17),
(1429, 'Jumlah Kecamatan Terlayani', 'Kecamatan', 1428, 31, 17),
(1430, 'Jumlah Kecamatan Belum Terlayani', 'Kecamatan', 1428, 31, 17),
(1431, 'Jumlah Stasiun Televisi', 'Stasiun', 0, 31, 17),
(1432, 'Jumlah Stasiun Televisi Pemerintah', 'Stasiun', 1431, 31, 17),
(1433, 'Jumlah Stasiun Televisi Swasta', 'Stasiun', 1431, 31, 17),
(1434, 'Cakupan Layanan Televisi', 'Kecamatan', 0, 31, 17),
(1435, 'Jumlah Kecamatan Terlayani', 'Kecamatan', 1434, 31, 17),
(1436, 'Jumlah Kecamatan Belum Terlayani', 'Kecamatan', 1434, 31, 17),
(1437, 'Jumlah Surat Kabar Nasional', 'Kecamatan', 0, 31, 17),
(1438, 'Jumlah Kecamatan Terlayani', 'Kecamatan', 1437, 31, 17),
(1439, 'Jumlah Kecamatan Belum Terlayani', 'Kecamatan', 1437, 31, 17),
(1440, 'Jumlah Surat Kabar Lokal', 'Kecamatan', 0, 31, 17),
(1441, 'Jumlah Kecamatan Terlayani', 'Kecamatan', 1440, 31, 17),
(1442, 'Jumlah Kecamatan Belum Terlayani', 'Kecamatan', 1440, 31, 17),
(1443, 'Pengendalian Penduduk', 'orang', 0, 21, 8),
(1444, 'Rata-rata jumlah anak per keluarga', 'orang', 1443, 21, 8),
(1445, 'Jumlah kelahiran', 'orang', 1443, 21, 8),
(1446, 'Jumlah kematian penduduk', 'orang', 1443, 21, 8),
(1447, 'Jumlah remaja wanita usia 15-19 tahun yang melahirkan', 'orang', 1443, 21, 8),
(1448, 'Jumlah kehamilan yang tidak diinginkan dari wanita usia subur 15-49 tahun', 'orang', 1443, 21, 8),
(1449, 'Keluarga Berencana', 'orang', 0, 21, 8),
(1450, 'Pengelolala kearsipan pada perangkat daerah', 'orang', 0, 28, 18),
(1451, 'Jumlah tenaga kerja arsiparis', 'orang', 1450, 28, 18),
(1452, 'Jumlah tenaga arsiparis tingkat ahli', 'orang', 1451, 28, 18),
(1453, 'Jumlah tenaga arsiparis tingkat terampil', 'orang', 1451, 28, 18),
(1454, 'Jumlah tenaga teknis pengelola kearsipan', 'orang', 1450, 28, 18),
(1455, 'Pengelolan kearsipan pada BUMD', 'orang', 0, 28, 18),
(1456, 'Jumlah tenaga arsiparis', 'orang', 1455, 28, 18),
(1457, 'Jumlah tenaga arsiparis tingkat ahli', 'orang', 1456, 28, 18),
(1458, 'Jumlah tenaga arsiparis tingkat terampil', 'orang', 1456, 28, 18),
(1459, 'Jumlah tenaga teknis pengelola kearsipan', 'orang', 1455, 28, 18),
(1460, 'Bimbingan teknis kepada pengelola arsip dinamis', 'unit', 0, 28, 18),
(1461, 'Jumlah perangkat daerah mendapatkan bimbingan', 'orang', 1460, 28, 18),
(1462, 'Jumlah BUMD mendapatkan bimbingan', 'unit', 1460, 28, 18),
(1463, 'Supervisi kepada pengelola arsip dinamis', 'unit', 0, 28, 18),
(1464, 'Jumlah perangkat daerah mendapatkan supervisi', 'unit', 1463, 28, 18),
(1465, 'Jumlah BUMD mendapatkan supervisi', 'unit', 1463, 28, 18),
(1466, 'Lembaga kearsipan terakreditasi', 'unit', 0, 29, 18),
(1467, 'Lembaga kearsipan terakreditasi', 'unit', 0, 28, 18),
(1468, 'Jumlah lembaga kearsipan', 'unit', 1467, 28, 18),
(1469, 'Jumlah unit kearsipan', 'unit', 1467, 28, 18),
(1470, 'Jumlah lembaga penyelenggara jasa kearsipan', 'unit', 1467, 28, 18),
(1471, 'Jumlah lembaga pendidikan dan pelatihan kearsipan', 'unit', 1467, 28, 18),
(1472, 'Supervisi pengelola arsip statis', 'unit/perusahaan/organisasi', 0, 28, 18),
(1473, 'Jumlah perangkat daerah mendapatkan supervisi', 'unit', 1472, 28, 18),
(1474, 'Jumah BUMD mendapatkan supervisi', 'unit', 1472, 28, 18),
(1476, 'Jumlah perusahaan swasta mendapatkan supervisi', 'perusahaan', 1472, 28, 18),
(1477, 'Jumlah organisasi kemasyarakatan dan organisasi politik mendapat supervisi', 'organisasi', 1472, 28, 18),
(1478, 'Jumlah tokok masyarakat mendapat supervisi', 'orang', 1472, 28, 18),
(1479, 'Arsip vital dan arsip statis', 'dokumen', 0, 28, 18),
(1480, 'Jumlah arsip vital', 'dokumen', 1479, 28, 18),
(1481, 'Jumlah arsip statis', 'dokumen', 1479, 28, 18),
(1482, 'Pemanfaatan arsip', 'dokumen', 0, 28, 18),
(1483, 'Jumlah ijin penggunaan arsip bersifat tertutup', 'dokumen', 1482, 28, 18),
(1484, 'Jumlah pemanfaatan arsip', 'orang', 1482, 28, 18),
(1485, 'Simpul jaringan kearsipan', 'unit', 0, 28, 18),
(1486, 'Jumlah perangkat daerah pengguna SIKN melalui JIKN', 'unit', 1485, 28, 18),
(1487, 'Jumlah BUMD pengguna SIKN melalui JIKN', 'unit', 1485, 28, 18),
(1488, 'Perlindungan dan penyelamatan arsip akibat bencana', 'dokumen', 0, 28, 18),
(1489, 'Jumlah arsip terlindungi', 'dokumen', 1488, 28, 18),
(1490, 'Jumlah arsip terselamatkan', 'dokumen', 1488, 28, 18),
(1491, 'Jumlah arsip terpulihkan', 'dokumen', 1488, 28, 18),
(1492, 'Jumlah arsip telah diduplikat dalam bentuk informatika', 'dokumen', 1488, 28, 18);

-- --------------------------------------------------------

--
-- Table structure for table `elemen_val`
--

CREATE TABLE `elemen_val` (
  `id` int(11) NOT NULL,
  `tahun` varchar(10) DEFAULT NULL,
  `nilai` float DEFAULT NULL,
  `id_elemen` int(11) NOT NULL
) ENGINE=InnoDB DEFAULT CHARSET=latin1;

--
-- Dumping data for table `elemen_val`
--

INSERT INTO `elemen_val` (`id`, `tahun`, `nilai`, `id_elemen`) VALUES
(37, '2018', 100, 44),
(38, '2019', 130, 44),
(41, '2017', 100, 52),
(42, '2018', 120, 52),
(43, '2019', 150, 52),
(48, '0', 0, 72),
(49, '0', 0, 59),
(50, '0', 0, 75),
(51, '0', 0, 76),
(52, '0', 0, 78),
(53, '2016', 50, 79),
(54, '2017', 52, 79),
(55, '2018', 53, 79),
(56, '2019', 54, 79),
(57, '0', 59, 79),
(61, '0', 0, 81),
(62, '0', 0, 196),
(63, '0', 0, 324),
(64, '0', 0, 353),
(65, '0', 0, 640),
(66, '0', 0, 896),
(71, '2019', 500, 909),
(72, '2019', 10, 216),
(120, '2019', 140, 916),
(122, '2019', 41, 917),
(123, '2019', 140, 919),
(124, '2019', 140, 920),
(125, '2019', 140, 921),
(128, '2019', 8, 922),
(129, '2019', 92, 923),
(134, '2019', 4985, 924),
(135, '2019', 5211, 925),
(152, '2019', 4.913, 944),
(153, '2019', 5.168, 945),
(154, '2019', 3.112, 941),
(155, '2019', 3.322, 942),
(156, '2019', 26.45, 938),
(157, '2019', 27.436, 939),
(158, '2019', 7.89, 935),
(159, '2019', 8.185, 936),
(160, '2019', 9.638, 932),
(161, '2019', 9.994, 933),
(162, '2019', 5.978, 929),
(163, '2019', 11.934, 930),
(165, '2019', 4.875, 950),
(166, '2019', 4.605, 951),
(168, '2019', 10.081, 943),
(169, '2019', 6.434, 940),
(170, '2019', 53.886, 937),
(171, '2019', 16.075, 934),
(172, '2019', 19.632, 931),
(173, '2019', 11.934, 928),
(185, '2019', 9.48, 949),
(186, '2019', 75, 962),
(187, '2019', 83, 963),
(188, '2019', 143, 964),
(189, '2019', 76, 965),
(190, '2019', 46, 966),
(191, '2019', 39, 967),
(192, '2019', 129, 968),
(193, '2019', 25, 969),
(194, '2019', 100, 952),
(195, '2019', 6.8, 953),
(196, '2019', 8.55, 954),
(197, '2019', 7.23, 955),
(198, '2019', 38.64, 956),
(199, '2019', 4.61, 957),
(200, '2019', 11.53, 958),
(201, '2019', 14.08, 959),
(202, '2019', 8.56, 960),
(203, '2019', 570, 961),
(204, '2019', 4.578, 972),
(205, '2019', 4.626, 973),
(206, '2019', 124, 974),
(207, '2019', 143, 975),
(208, '2019', 5.959, 977),
(209, '2019', 5.616, 978),
(210, '2019', 174, 979),
(211, '2019', 177, 980),
(212, '2019', 4.674, 982),
(213, '2019', 4.856, 983),
(214, '2019', 165, 984),
(215, '2019', 386, 985),
(216, '2019', 25.581, 987),
(217, '2019', 25.544, 988),
(218, '2019', 999, 989),
(219, '2019', 1.762, 990),
(220, '0', 0, 970),
(221, '2019', 2.842, 992),
(222, '2019', 3.195, 993),
(223, '2019', 140, 994),
(224, '2019', 257, 995),
(225, '2019', 7.188, 997),
(226, '2019', 7.975, 998),
(227, '2019', 335, 999),
(228, '2019', 577, 1000),
(229, '2019', 2.657, 1003),
(230, '2019', 3.5, 1004),
(231, '2019', 2.915, 1005),
(232, '2019', 15.727, 1006),
(233, '2019', 1.959, 1007),
(234, '2019', 4.852, 1008),
(235, '2019', 5.927, 1009),
(236, '2019', 3.498, 1010),
(239, '2019', 92, 1015),
(240, '2019', 76, 1016),
(241, '2019', 221, 1017),
(242, '2019', 404, 1018),
(243, '2019', 37, 1019),
(244, '2019', 145, 1020),
(245, '2019', 152, 1021),
(246, '2019', 57, 1022),
(247, '2019', 1.184, 1014),
(248, '2019', 2, 1025),
(249, '2019', 6, 1026),
(250, '2019', 1, 1028),
(251, '2019', 6, 1029),
(252, '2019', 1, 1032),
(253, '2019', 6, 1033),
(254, '2019', 8, 1035),
(255, '2019', 24, 1036),
(256, '2019', 2, 1038),
(257, '2019', 5, 1039),
(258, '2019', 7, 1041),
(259, '2019', 6, 1042),
(260, '2019', 2, 1044),
(261, '2019', 15, 1045),
(262, '2019', 5, 1047),
(263, '2019', 2, 1048),
(264, '2019', 7, 1051),
(265, '2019', 3, 1052),
(266, '2019', 5, 1054),
(267, '2019', 2, 1055),
(268, '2019', 7, 1057),
(269, '2019', 0, 1058),
(270, '2019', 25, 1060),
(271, '2019', 6, 1061),
(273, '2019', 0, 1064),
(274, '2019', 12, 1063),
(275, '2019', 7, 1066),
(276, '2019', 0, 1067),
(277, '2019', 14, 1069),
(278, '2019', 1, 1070),
(279, '2019', 11, 1072),
(280, '2019', 0, 1073),
(281, '2019', 3, 1076),
(282, '2019', 1, 1077),
(283, '2019', 1, 1079),
(284, '2019', 2, 1080),
(285, '2019', 2, 1082),
(286, '2019', 0, 1083),
(287, '2019', 7, 1085),
(288, '2019', 1, 1086),
(289, '2019', 0, 1089),
(290, '2019', 4, 1091),
(291, '2019', 0, 1092),
(294, '2019', 5, 1097),
(295, '2019', 0, 1098),
(296, '2019', 2, 1088),
(299, '2019', 218, 225),
(300, '2019', 67, 231),
(301, '2019', 9, 222),
(302, '2019', 1, 221),
(303, '2019', 3, 1101),
(304, '2019', 16, 1102),
(305, '2019', 329, 238),
(309, '2019', 45, 227),
(310, '2019', 165, 228),
(311, '2019', 8, 229),
(312, '2019', 357, 239),
(313, '2019', 30, 241),
(314, '2019', 12, 243),
(315, '2019', 20, 250),
(316, '2019', 25, 253),
(317, '2019', 20, 1103),
(318, '2019', 1, 212),
(319, '2019', 2.811, 1105),
(320, '2019', 2.798, 1106),
(321, '2019', 2.802, 1107),
(322, '2019', 2.804, 1108),
(323, '2019', 2.798, 1109),
(324, '2019', 2.811, 1111),
(325, '2019', 2.798, 1112),
(326, '2019', 2.802, 1113),
(327, '2019', 2.804, 1114),
(328, '2019', 2.798, 1115),
(329, '2019', 2.559, 1116),
(330, '2019', 2.559, 1117),
(331, '2019', 2.802, 1118),
(332, '2019', 2.804, 1119),
(333, '2019', 2.798, 1120),
(334, '2019', 2.913, 1121),
(335, '2019', 2.915, 215),
(336, '2019', 2, 178),
(337, '2019', 2, 208),
(338, '2019', 761, 1123),
(339, '2019', 5.987, 1124),
(340, '2019', 13.317, 1126),
(341, '2019', 964, 1127),
(342, '2019', 84, 1129),
(343, '2019', 65, 1130),
(344, '2019', 1.423, 1132),
(345, '2019', 14, 1133),
(346, '2019', 397, 1134),
(347, '2019', 2.392, 1135),
(348, '2019', 8.759, 1136),
(349, '2019', 1.106, 1137),
(350, '2019', 69, 1138),
(351, '2019', 124, 1139),
(352, '2019', 2, 1141),
(353, '2019', 2, 1142),
(354, '2019', 20, 1143),
(355, '2019', 6, 1145),
(356, '2019', 2, 1146),
(357, '2019', 34, 1148),
(358, '2019', 42, 1149),
(359, '2019', 1, 617),
(361, '2019', 36, 1150),
(362, '2019', 145, 1151),
(363, '2019', 30, 622),
(365, '2019', 2, 631),
(366, '2019', 972, 1152),
(367, '2019', 6, 613),
(368, '2019', 12, 614),
(369, '2019', 33, 1153),
(370, '2019', 15, 1154),
(371, '2019', 356, 1155),
(372, '2019', 1, 1156),
(373, '2019', 8.75, 1157),
(374, '2019', 211, 1158),
(385, '2019', 6.52, 586),
(386, '2019', 2.558, 587),
(387, '2019', 2.887, 588),
(388, '2019', 2.949, 589),
(389, '2019', 1.893, 590),
(391, '2018', 11, 601),
(392, '2019', 15, 601),
(393, '2020', 17, 601),
(394, '2019', 4, 602),
(395, '2020', 5, 602),
(396, '2018', 41, 604),
(397, '2019', 41, 604),
(398, '2020', 41, 604),
(399, '2018', 1, 605),
(400, '2019', 1, 605),
(401, '2020', 1, 605),
(402, '2018', 1, 607),
(403, '2019', 1, 607),
(404, '2020', 1, 607),
(405, '2018', 11, 608),
(406, '2019', 15, 608),
(407, '2020', 17, 608),
(408, '2018', 84, 618),
(409, '2019', 17, 618),
(412, '2018', 29, 621),
(413, '2019', 7, 621),
(414, '2018', 280, 623),
(415, '2019', 275, 623),
(416, '2018', 69, 624),
(417, '2019', 39, 624),
(418, '2018', 27, 625),
(419, '2019', 11, 625),
(420, '2018', 47, 626),
(421, '2019', 32, 626),
(422, '2018', 498, 627),
(423, '2019', 337, 627),
(424, '2018', 235, 628),
(425, '2019', 146, 628),
(426, '2016', 22770, 555),
(427, '2017', 22.332, 555),
(428, '2018', 20.363, 555),
(429, '2019', 20.083, 555),
(430, '2020', 20.083, 555),
(431, '2019', 109960, 782),
(432, '2019', 7593, 783),
(433, '2019', 4391, 784),
(434, '2019', 123, 785),
(435, '2019', 166, 786),
(436, '2019', 103, 787),
(437, '2019', 6175, 788),
(438, '2019', 4633, 789),
(439, '2019', 178, 790),
(440, '2019', 115, 793),
(441, '2019', 1524, 794),
(442, '2019', 8725, 795),
(443, '2019', 3355, 797),
(444, '2018', 4353, 799),
(445, '2019', 6356, 799),
(446, '2018', 17636, 800),
(447, '2019', 183, 800),
(457, '2016', 642, 557),
(458, '2017', 6381, 557),
(459, '2018', 5818, 557),
(460, '2019', 5738, 557),
(461, '2020', 5738, 557),
(462, '2016', 21, 853),
(463, '2017', 6, 853),
(464, '2019', 9, 853),
(465, '2016', 151331, 861),
(466, '2017', 9140, 861),
(467, '2019', 63184, 861),
(468, '2016', 56180, 862),
(469, '2017', 86939, 862),
(470, '2018', 152707, 862),
(471, '2019', 181305, 862),
(472, '2016', 10, 1160),
(473, '2017', 13, 1160),
(474, '2018', 24, 1160),
(475, '2019', 27, 1160),
(476, '2016', 56180, 1161),
(477, '2017', 86939, 1161),
(478, '2018', 152707, 1161),
(479, '2019', 181305, 1161),
(480, '2016', 10, 1162),
(481, '2017', 13, 1162),
(482, '2018', 24, 1162),
(483, '2019', 27, 1162),
(484, '2016', 56180, 1163),
(485, '2017', 86939, 1163),
(486, '2018', 152707, 1163),
(487, '2019', 181305, 1163),
(492, '2016', 2333.2, 802),
(493, '2017', 2540.7, 802),
(494, '2018', 2432.5, 802),
(495, '2019', 2628.2, 802),
(496, '2016', 68.6, 803),
(497, '2017', 72.2, 803),
(498, '2018', 73.5, 803),
(499, '2019', 81.1, 803),
(500, '2016', 142.69, 806),
(501, '2017', 157.63, 806),
(502, '2018', 143.4, 806),
(503, '2019', 150.9, 806),
(504, '2016', 2.46, 807),
(505, '2017', 2.69, 807),
(506, '2018', 1.4, 807),
(507, '2019', 2, 807),
(508, '2016', 17.32, 808),
(509, '2017', 16.75, 808),
(510, '2018', 12.2, 808),
(511, '2019', 21.7, 808),
(512, '2016', 2.72, 810),
(513, '2017', 2.46, 810),
(514, '2018', 7.7, 810),
(515, '2019', 6.1, 810),
(516, '2016', 0.61, 811),
(517, '2017', 0.98, 811),
(518, '2018', 0.9, 811),
(519, '2019', 0.7, 811),
(520, '2016', 0.02, 812),
(521, '2017', 0.9, 812),
(522, '2018', 0.4, 812),
(523, '2019', 0.4, 812),
(524, '2016', 0.09, 813),
(525, '2017', 0.19, 813),
(526, '2018', 0.1, 813),
(527, '2019', 0, 813),
(528, '2016', 0, 814),
(529, '2017', 0.11, 814),
(530, '2018', 0, 814),
(531, '2019', 0.1, 814),
(532, '2016', 1.82, 816),
(533, '2017', 1.6, 816),
(534, '2018', 1.4, 816),
(535, '2019', 3.9, 816),
(536, '2016', 4.25, 817),
(537, '2017', 4.75, 817),
(538, '2018', 4.8, 817),
(539, '2019', 5.2, 817),
(540, '2016', 5.24, 818),
(541, '2017', 5.93, 818),
(542, '2018', 6.9, 818),
(543, '2019', 6.5, 818),
(544, '2016', 2.52, 819),
(545, '2017', 2.03, 819),
(546, '2018', 0.9, 819),
(547, '2019', 2.1, 819),
(548, '2016', 35.05, 820),
(549, '2017', 34.2, 820),
(550, '2018', 42.2, 820),
(551, '2019', 40, 820),
(552, '2016', 1.25, 822),
(553, '2017', 0.51, 822),
(554, '2018', 0.4, 822),
(555, '2019', 1.5, 822),
(556, '2016', 5.42, 823),
(557, '2017', 7.5, 823),
(558, '2018', 8, 823),
(559, '2019', 6.9, 823),
(560, '2019', 0.1, 824),
(561, '2016', 0.87, 826),
(562, '2017', 1.3, 826),
(563, '2018', 3.1, 826),
(564, '2019', 0.6, 826),
(565, '2016', 0.34, 827),
(566, '2017', 0.43, 827),
(567, '2018', 0.1, 827),
(568, '2019', 0.9, 827),
(569, '2016', 3.62, 829),
(570, '2017', 6.38, 829),
(571, '2018', 6.8, 829),
(572, '2019', 7.3, 829),
(573, '2016', 1.04, 830),
(574, '2017', 0.5, 830),
(575, '2018', 0.9, 830),
(576, '2019', 0.5, 830),
(577, '2019', 0.1, 831),
(578, '2019', 0.4, 832),
(579, '2016', 4.13, 834),
(580, '2017', 7.63, 834),
(581, '2018', 8.1, 834),
(582, '2019', 5.1, 834),
(583, '2016', 0.29, 835),
(584, '2017', 0.27, 835),
(585, '2018', 0.3, 835),
(586, '2019', 0.4, 835),
(587, '2016', 107.57, 837),
(588, '2017', 68.98, 837),
(589, '2018', 52.9, 837),
(590, '2019', 72.2, 837),
(591, '2016', 26.28, 838),
(592, '2017', 22.2, 838),
(593, '2018', 26.7, 838),
(594, '2019', 42, 838),
(595, '2016', 31.98, 840),
(596, '2017', 36.93, 840),
(597, '2018', 13.6, 840),
(598, '2019', 46.6, 840),
(599, '2016', 1.89, 841),
(600, '2017', 2.82, 841),
(601, '2018', 3.1, 841),
(602, '2019', 3.9, 841),
(607, '2019', 1, 847),
(608, '2016', 1, 844),
(609, '2017', 1, 844),
(610, '2018', 1, 844),
(611, '2019', 1, 844),
(612, '2020', 1, 844),
(613, '2016', 66.744, 1012),
(614, '2017', 68.388, 1012),
(615, '2018', 69.024, 1012),
(616, '2019', 70.02, 1012),
(617, '2016', 67.599, 1013),
(618, '2017', 68.224, 1013),
(619, '2018', 70.424, 1013),
(620, '2019', 71.056, 1013),
(621, '2016', 98.74, 1177),
(622, '2017', 100.24, 1177),
(623, '2018', 98.01, 1177),
(624, '2019', 98.54, 1177),
(625, '2018', 6190, 947),
(626, '2018', 5736, 948),
(627, '0', 0, 946),
(628, '2016', 18243, 1179),
(629, '2017', 18366, 1179),
(630, '2018', 18391, 1179),
(631, '2019', 18451, 1179),
(632, '2020', 18451, 1179),
(633, '2016', 15296, 1180),
(634, '2017', 15421, 1180),
(635, '2018', 15462, 1180),
(636, '2019', 15543, 1180),
(637, '2020', 15543, 1180),
(638, '2016', 18243, 1189),
(639, '2017', 18366, 1189),
(640, '2018', 18391, 1189),
(641, '2019', 18451, 1189),
(642, '2020', 18451, 1189),
(643, '2016', 15296, 1190),
(644, '2017', 15421, 1190),
(645, '2018', 15462, 1190),
(646, '2019', 15543, 1190),
(647, '2020', 15543, 1190),
(648, '2016', 18243, 1192),
(649, '2017', 18366, 1192),
(650, '2018', 18391, 1192),
(651, '2019', 18451, 1192),
(652, '2020', 18451, 1192),
(653, '2016', 15296, 1193),
(654, '2017', 15451, 1193),
(655, '2018', 15462, 1193),
(656, '2019', 15543, 1193),
(657, '2020', 15543, 1193),
(658, '2016', 18243, 1198),
(659, '2017', 18366, 1198),
(660, '2018', 18391, 1198),
(661, '2019', 18451, 1198),
(662, '2020', 18451, 1198),
(663, '2016', 15296, 1199),
(664, '2017', 15421, 1199),
(665, '2018', 15462, 1199),
(666, '2019', 15543, 1199),
(667, '2020', 15543, 1199),
(668, '2016', 18243, 1204),
(669, '2017', 18366, 1204),
(670, '2018', 18391, 1204),
(671, '2019', 18451, 1204),
(672, '2020', 18451, 1204),
(673, '2016', 15243, 1205),
(674, '2017', 15421, 1205),
(675, '2018', 15462, 1205),
(676, '2019', 15543, 1205),
(677, '2020', 15543, 1205),
(678, '2016', 242, 1207),
(679, '2017', 269, 1207),
(680, '2018', 285, 1207),
(681, '2019', 321, 1207),
(682, '2020', 321, 1207),
(683, '2016', 166, 1208),
(684, '2017', 184, 1208),
(685, '2018', 199, 1208),
(686, '2019', 215, 1208),
(687, '2020', 215, 1208),
(690, '2019', 39, 1211),
(691, '2020', 39, 1211),
(692, '2019', 10, 1210),
(693, '2020', 10, 1210),
(694, '2019', 25, 1212),
(695, '2020', 25, 1212),
(696, '2019', 17, 1213),
(697, '2020', 17, 1213),
(698, '2016', 24, 1214),
(699, '2017', 24, 1214),
(700, '2018', 25, 1214),
(701, '2019', 25, 1214),
(702, '2020', 25, 1214),
(703, '2016', 24, 1216),
(704, '2017', 24, 1216),
(705, '2018', 25, 1216),
(706, '2019', 25, 1216),
(707, '2020', 25, 1216),
(708, '2016', 2, 1217),
(709, '2017', 2, 1217),
(710, '2018', 2, 1217),
(711, '2019', 2, 1217),
(712, '2020', 2, 1217),
(713, '2016', 2, 1218),
(714, '2017', 2, 1218),
(715, '2018', 2, 1218),
(716, '2019', 2, 1218),
(717, '2020', 2, 1218),
(718, '2016', 1, 1222),
(719, '2017', 1, 1222),
(720, '2018', 1, 1222),
(721, '2019', 1, 1222),
(722, '2020', 1, 1222),
(723, '2019', 1, 1227),
(724, '2020', 1, 1227),
(725, '2016', 8, 1229),
(726, '2017', 8, 1229),
(727, '2018', 8, 1229),
(728, '2019', 8, 1229),
(729, '2020', 8, 1229),
(730, '2016', 2, 1230),
(731, '2017', 2, 1230),
(732, '2018', 2, 1230),
(733, '2019', 2, 1230),
(734, '2020', 2, 1230),
(735, '2016', 1, 1236),
(736, '2017', 1, 1236),
(737, '2018', 1, 1236),
(738, '2019', 1, 1236),
(739, '2020', 1, 1236),
(740, '2016', 30, 1239),
(741, '2017', 30, 1239),
(742, '2018', 30, 1239),
(743, '2019', 30, 1239),
(744, '2020', 30, 1239),
(745, '2016', 57, 1240),
(746, '2017', 57, 1240),
(747, '2018', 57, 1240),
(748, '2019', 57, 1240),
(749, '2020', 57, 1240),
(750, '2016', 14, 1243),
(751, '2017', 14, 1243),
(752, '2018', 15, 1243),
(753, '2019', 16, 1243),
(754, '2020', 16, 1243),
(755, '2016', 10, 1244),
(756, '2017', 10, 1244),
(757, '2018', 9, 1244),
(758, '2019', 9, 1244),
(759, '2020', 9, 1244),
(760, '2016', 2, 1246),
(761, '2017', 2, 1246),
(762, '2018', 2, 1246),
(763, '2019', 2, 1246),
(764, '2020', 2, 1246),
(765, '2016', 2, 1249),
(766, '2017', 2, 1249),
(767, '2018', 2, 1249),
(768, '2019', 2, 1249),
(769, '2020', 2, 1249),
(770, '2016', 1, 1256),
(771, '2017', 1, 1256),
(772, '2018', 1, 1256),
(773, '2019', 1, 1256),
(774, '2020', 1, 1256),
(775, '2016', 1, 1257),
(776, '2017', 1, 1257),
(777, '2018', 1, 1257),
(778, '2019', 1, 1257),
(779, '2020', 1, 1257),
(780, '2016', 10, 1259),
(781, '2017', 10, 1259),
(782, '2018', 10, 1259),
(783, '2019', 10, 1259),
(784, '2020', 10, 1259),
(785, '2016', 30, 1269),
(786, '2017', 30, 1269),
(787, '2018', 30, 1269),
(788, '2019', 30, 1269),
(789, '2020', 30, 1269),
(790, '2016', 12, 1272),
(791, '2017', 12, 1272),
(792, '2018', 12, 1272),
(793, '2019', 12, 1272),
(794, '2020', 12, 1272),
(800, '2016', 67, 1274),
(801, '2017', 67, 1274),
(802, '2018', 67, 1274),
(803, '2019', 67, 1274),
(804, '2020', 67, 1274),
(805, '2016', 14, 1273),
(806, '2017', 14, 1273),
(807, '2018', 14, 1273),
(808, '2019', 14, 1273),
(809, '2020', 14, 1273),
(810, '2016', 1, 1280),
(811, '2017', 1, 1280),
(812, '2018', 1, 1280),
(813, '2019', 1, 1280),
(814, '2020', 1, 1280),
(815, '2016', 1, 1283),
(816, '2017', 1, 1283),
(817, '2018', 1, 1283),
(818, '2019', 1, 1283),
(819, '2020', 1, 1283),
(820, '2016', 1, 1284),
(821, '2017', 1, 1284),
(822, '2018', 1, 1284),
(823, '2019', 1, 1284),
(824, '2020', 1, 1284),
(825, '2016', 1, 1286),
(826, '2017', 1, 1286),
(827, '2018', 1, 1286),
(828, '2019', 1, 1286),
(829, '2020', 1, 1286),
(830, '2019', 3, 1289),
(831, '2019', 18, 1290),
(832, '2019', 1, 1291),
(833, '2019', 2, 1292),
(834, '2019', 12, 1294),
(835, '2019', 4, 1296),
(836, '2019', 3, 1300),
(837, '2016', 14528, 1302),
(838, '2017', 14522, 1302),
(839, '2018', 3013, 1302),
(840, '2019', 6422, 1302),
(841, '2016', 1806, 1303),
(842, '2017', 11824, 1303),
(843, '2018', 2161, 1303),
(844, '2019', 7543, 1303),
(845, '2019', 75, 1351),
(846, '2020', 75, 1351),
(848, '2019', 154, 1357),
(850, '2019', 37, 1365),
(851, '2019', 15, 1367),
(852, '2019', 24, 1377),
(853, '2019', 190, 1379),
(854, '2019', 15, 1380),
(855, '2019', 2, 1397),
(856, '2018', 1, 1398),
(857, '2019', 1, 1398),
(858, '2020', 1, 1398),
(859, '2019', 507000, 1401),
(860, '2018', 57, 1403),
(861, '2019', 57, 1403),
(862, '2018', 95, 1405),
(863, '2019', 102, 1405),
(864, '2018', 3, 1406),
(865, '2019', 3, 1406),
(866, '2020', 57, 1417),
(867, '2018', 3, 1421),
(868, '2019', 3, 1421),
(869, '2018', 2, 1422),
(870, '2019', 2, 1422),
(871, '2018', 2, 1427),
(872, '2019', 2, 1427),
(873, '2018', 8, 1438),
(874, '2019', 8, 1438),
(875, '2018', 8, 1441),
(876, '2019', 8, 1441),
(877, '2019', 41, 234),
(878, '2018', 34, 234),
(879, '2017', 27, 234),
(880, '2016', 28, 234),
(881, '2019', 5, 235),
(882, '2018', 7, 235),
(883, '2017', 9, 235),
(884, '2016', 9, 235),
(885, '2019', 7, 236),
(886, '2018', 8, 236),
(887, '2017', 9, 236),
(888, '2016', 9, 236),
(889, '2016', 74, 184),
(890, '2017', 51, 184),
(891, '2018', 14, 184),
(892, '2019', 31, 184),
(893, '2016', 274, 185),
(894, '2017', 306, 185),
(895, '2018', 176, 185),
(896, '2019', 280, 185),
(897, '2016', 103, 187),
(898, '2017', 263, 187),
(899, '2018', 99, 187),
(900, '2019', 82, 187),
(901, '2016', 3, 188),
(902, '2017', 13, 188),
(903, '2018', 7, 188),
(904, '2019', 5, 188),
(905, '2016', 1, 190),
(906, '2017', 3, 190),
(907, '2018', 2, 190),
(908, '2019', 0, 190),
(909, '2019', 22869, 778),
(910, '2019', 21614, 779),
(911, '2016', 1, 1452),
(912, '2017', 1, 1452),
(913, '2018', 1, 1452),
(914, '2019', 1, 1452),
(915, '2020', 1, 1452),
(916, '2018', 4, 1454),
(917, '2019', 6, 1454),
(918, '2020', 6, 1454),
(919, '2016', 39, 1461),
(920, '2017', 39, 1461),
(921, '2018', 39, 1461),
(922, '2019', 39, 1461),
(923, '2020', 37, 1461),
(924, '2016', 39, 1464),
(925, '2017', 39, 1464),
(926, '2018', 39, 1464),
(927, '2019', 39, 1464),
(928, '2020', 37, 1464),
(929, '2016', 1, 1468),
(930, '2017', 1, 1468),
(931, '2018', 1, 1468),
(932, '2019', 1, 1468),
(933, '2020', 1, 1468),
(934, '2016', 1, 1469),
(935, '2017', 1, 1469),
(936, '2018', 1, 1469),
(937, '2019', 1, 1469),
(938, '2020', 1, 1469),
(939, '2016', 39, 1473),
(940, '2017', 39, 1473),
(941, '2018', 39, 1473),
(942, '2019', 39, 1473),
(943, '2020', 37, 1473),
(944, '2016', 117, 1481),
(945, '2017', 117, 1481),
(946, '2018', 117, 1481),
(947, '2019', 117, 1481),
(948, '2020', 117, 1481),
(949, '2020', 1, 1483),
(950, '2016', 500, 1484),
(951, '2017', 12, 1484),
(952, '2019', 37, 1484),
(953, '2020', 1, 1484),
(957, '2019', 400, 43),
(958, '2018', 300, 43),
(959, '2017', 100, 43);

-- --------------------------------------------------------

--
-- Table structure for table `ikk`
--

CREATE TABLE `ikk` (
  `id` int(11) NOT NULL,
  `id_urusan` int(11) DEFAULT NULL,
  `nama_ikk` varchar(250) DEFAULT NULL,
  `data_1` varchar(250) DEFAULT NULL,
  `data_2` text DEFAULT NULL,
  `id_dinas` int(11) NOT NULL
) ENGINE=InnoDB DEFAULT CHARSET=latin1;

-- --------------------------------------------------------

--
-- Table structure for table `m_bidang`
--

CREATE TABLE `m_bidang` (
  `id` int(11) NOT NULL,
  `nama_pendek` varchar(225) DEFAULT NULL,
  `nama_bidang` varchar(225) DEFAULT NULL,
  `id_dinas` int(10) DEFAULT NULL
) ENGINE=InnoDB DEFAULT CHARSET=latin1;

--
-- Dumping data for table `m_bidang`
--

INSERT INTO `m_bidang` (`id`, `nama_pendek`, `nama_bidang`, `id_dinas`) VALUES
(1, 'dikdas', 'Pendidikan Dasar', 1),
(2, 'capil', 'Catatan Sipil', 2),
(3, 'dikmenti', 'Pendidikan Menengah', 1);

-- --------------------------------------------------------

--
-- Table structure for table `m_dinas`
--

CREATE TABLE `m_dinas` (
  `id` int(11) NOT NULL,
  `nama_pendek` varchar(225) DEFAULT NULL,
  `nama_panjang` varchar(225) DEFAULT NULL
) ENGINE=InnoDB DEFAULT CHARSET=latin1;

--
-- Dumping data for table `m_dinas`
--

INSERT INTO `m_dinas` (`id`, `nama_pendek`, `nama_panjang`) VALUES
(1, 'dikbud', 'Dinas Pendidikan dan Kebudayaan'),
(3, 'DPUPR', 'Dinas Pekerjaan Umum Pemukiman Rakyat'),
(4, 'Dinkes', 'Dinas Kesehatan'),
(5, 'DPMPTSP', 'Badan Pemberdayaan Modal Pelayanan Satu Pintu'),
(6, 'Diskoperindag UMKM', 'Dinas Koperasi Perindustrian dan Perdagangan Usaha Mikro Kecil dan Menengah'),
(7, 'DISNAKERTRANS', 'Dinas Tenaga Kerja dan Transmigrasi'),
(8, 'P3AKB', 'Dinas Pemberdayaan Perempuan Perlindungan Anak dan KB'),
(9, 'DINSOS', 'Dinas Sosial'),
(10, 'SATPOL PP', 'Kantor Satuan Polisi Pamong Praja'),
(11, 'KESBANGPOLDAGRI', 'Kantor Kesatuan Bangsa dan Politik Dalam Negeri'),
(12, 'KETAPANG', 'Dinas Ketahanan Pangan'),
(13, 'BPAD', 'Badan Pendapatan dan Aset Daerah'),
(14, 'DLH', 'Dinas Lingkungan Hidup'),
(15, 'Dukcapil', 'Dinas Kependudukan dan Pencatatan Sipil'),
(16, 'DISPARPORA', 'DINAS PARIWISATA PEMUDA DAN OLAHRAGA'),
(17, 'DISKOMINFO', 'Dinas Komunikasi dan Infromasi'),
(18, 'Arpusda', 'Dinas Kearsipan dan Perpustakan Daerah');

-- --------------------------------------------------------

--
-- Table structure for table `m_urusan`
--

CREATE TABLE `m_urusan` (
  `id` int(11) NOT NULL,
  `urusan` varchar(225) DEFAULT NULL,
  `gambar` varchar(225) DEFAULT NULL,
  `desk_ikk` text DEFAULT NULL,
  `aktif` int(11) NOT NULL DEFAULT 0
) ENGINE=InnoDB DEFAULT CHARSET=latin1;

--
-- Dumping data for table `m_urusan`
--

INSERT INTO `m_urusan` (`id`, `urusan`, `gambar`, `desk_ikk`, `aktif`) VALUES
(1, 'Pendidikan', 'ad08c572ae98a42322dd16d576674874.jpg', NULL, 1),
(5, 'Kesehatan', '0bc523262c562c02865453aeb53ad99f.jpg', NULL, 1),
(6, 'Pekerjaan Umum', '1704391bbdbae7189529bd4db2236c20.jpg', NULL, 1),
(17, 'Permukiman', 'e4a5759290c86253d9da3d9910c906ff.jpg', NULL, 1),
(18, 'Ketentraman dan Ketertiban Umum', '960379ef32ade59e59fbf77565eb38ee.jpg', NULL, 1),
(19, 'Sosial', 'a7450f154a2e1c009b136e52515e45d0.jpg', NULL, 1),
(20, 'Tenaga Kerja', '8a67f6abb9538561ac3b880d55dc3ac3.jpg', NULL, 1),
(21, 'Perempuan dan Anak', '057d078a0a303bb5a2da5d5cc1698ae7.jpg', NULL, 1),
(22, 'Pangan', '53769debd8e0425270fe191080725de7.jpg', NULL, 1),
(24, 'Pertanahan', '2ee963f226ab7a89bac3f02dd9a80b06.jpg', NULL, 1),
(25, 'Lingkungan Hidup', NULL, NULL, 1),
(26, 'Kependudukan dan Pencatatan Sipil', NULL, NULL, 1),
(28, 'Arsip dan Perpustakaan', NULL, NULL, 1),
(29, 'Pemuda dan Olahraga', NULL, NULL, 1),
(30, 'Pariwisata', NULL, NULL, 1),
(31, 'Komunikasi dan Informasi', NULL, NULL, 1);

-- --------------------------------------------------------

--
-- Table structure for table `m_user`
--

CREATE TABLE `m_user` (
  `id_user` int(20) NOT NULL,
  `username` varchar(200) NOT NULL,
  `password` varchar(250) NOT NULL,
  `nama` varchar(200) DEFAULT NULL,
  `email` varchar(200) DEFAULT NULL,
  `gambar` varchar(225) DEFAULT NULL,
  `akses` longtext DEFAULT NULL,
  `id_dinas` int(10) DEFAULT NULL,
  `level` int(10) NOT NULL
) ENGINE=InnoDB DEFAULT CHARSET=latin1;

--
-- Dumping data for table `m_user`
--

INSERT INTO `m_user` (`id_user`, `username`, `password`, `nama`, `email`, `gambar`, `akses`, `id_dinas`, `level`) VALUES
(1, 'syarian', '$2y$10$9We0ad/VpranYFGnzZ7F5e6FJPLHm1LiFqc7RFfrOw2nZuMZSUW2K', 'Imran Syarif', 'syarian09@gmail.com', NULL, '', NULL, 9),
(2, 'admin', '$2y$10$aSWb6iHwQ7NxpMErvVD4POnqr5qtyr3xaIctZPcTetEVDbO.4b.AC', 'Doni ', 'idonhard@gmail.comf', 'b83c8e280e44d6c58e79cec8d83bec02.jpg', '', NULL, 1),
(3, 'bgs', '$2y$10$beqzOJ0FCAHJU/EmN1dqMu9Z5oNOrY5w3kDnrfZI1gwSVRZhn.ZmG', 'bagus', 'bgs@gmail.com', 'dfe05f4d67d5978df004247f9155b68c.png', 'a:1:{i:0;s:2:\"31\";}', 0, 0);

-- --------------------------------------------------------

--
-- Table structure for table `option`
--

CREATE TABLE `option` (
  `id` int(11) NOT NULL,
  `key` varchar(250) DEFAULT NULL,
  `value` longtext DEFAULT NULL
) ENGINE=InnoDB DEFAULT CHARSET=utf8;

-- --------------------------------------------------------

--
-- Table structure for table `sdgs`
--

CREATE TABLE `sdgs` (
  `id` int(11) NOT NULL,
  `nama` varchar(250) DEFAULT NULL,
  `gambar` varchar(250) DEFAULT NULL,
  `desc` text DEFAULT NULL,
  `info` text DEFAULT NULL
) ENGINE=InnoDB DEFAULT CHARSET=utf8;

--
-- Dumping data for table `sdgs`
--

INSERT INTO `sdgs` (`id`, `nama`, `gambar`, `desc`, `info`) VALUES
(1, 'Menghapus Kemiskinan', '1.png', 'Mengakhiri Kemiskinan dalam segala bentuk di manapun', 'Dengan pertimbangan bahwa kemiskinan masih menjadi problem di berbagai negara, maka penghilangan kemiskinan dan kelaparan pada 2030 merupakan tulang punggungnya. Kemiskinan, yang menjadi salah satu tujuan utama MDGs, kembali ditetapkan sebagai tujuan utama dalam TPB. Selain karena kemiskinan dan kelaparan masih sebagai problem dunia, penghapusan kemiskinan diarahkan untuk menjamin keberlanjutan capaian MDGs.\r\n\r\nBerdasarkan evaluasi dan monitoring pencapaian RAD MDGs DIY 2010-2015, salah satu indikator dengan kategori merah (belum tercapai) adalah penurunan kemiskinan. Target pencapaian penurunan, yang seharusnya diakhir periode MDGs berada pada 10,30%, pada kenyataannya hanya turun pada angka 13,16%. Maka, Pemerintah Daerah (Pemda) Daerah Istimewa Yogyakarta, dalam rangka mencapai Tujuan 1 TPB Tanpa Kemiskinan, menargetkan penurunan angka kemiskinan mencapai 7-8 % (RPJMD DIY 2017-2022).\r\n\r\nPersoalan kemiskinan perlu ditempatkan dalam kerangka multidimensi. Artinya melihat kemiskinan dari berbagai dimensi dan memandang penyebabnya dari berbagai sisi. Kemiskinan bukan hanya menyangkut ukuran pendapatan, melainkan menyangkut beberapa hal lain, yaitu: (i) kerentanan dan kerawanan orang atau masyarakat untuk menjadi miskin; (ii) menyangkut ada/tidak adanya pemenuhan hak dasar warga dan ada/tidak adanya perbedaan perlakuan seseorang/kelompok masyarakat dalam menjalani kehidupan secara bermartabat. Pemecahan masalah kemiskinan perlu didasarkan pada pemahaman suara masyarakat miskin dan adanya penghormatan, perlindungan, dan pemenuhan hak-hak dasar rakyat secara bertahap, yaitu hak sosial, budaya, ekonomi, dan politik.'),
(2, 'Tanpa Kelaparan', '2.jpg', 'Menghilangkan Kelaparan, Mencapai Ketahanan Pangan dan Gizi yang Baik, serta Meningkatkan Pertanian Berkelanjutan', 'Kelaparan didefinisikan sebagai kondisi hasil dari kurangnya konsumsi pangan kronik. Dalam jangka panjang, kelaparan kronis berakibat buruk pada derajat kesehatan masyarakat dan menyebabkan tingginya pengeluaran masyarakat untuk kesehatan.\r\n\r\nTidak semua orang mempunyai kemudahan untuk memperoleh pangan yang dibutuhkan, dan hal ini mengarah pada kelaparan dan kekurangan gizi dalam skala besar di dunia. Sebagian penduduk dunia sekarang ini kekurangan pangan secara kronis dan tidak mampu mendapatkan pangan yang cukup untuk memenuhi kebutuhan energi minimum mereka. Jutaan anakanak berusia di bawah lima tahun (balita) menderita kekurangan gizi kronis atau akut pada saat musim kekurangan pangan, musim kelaparan dan kerusuhan sosial, angka ini terus meningkat.\r\n\r\nBanyak faktor penyebab tejadinya kelaparan seperti kemiskinan, ketidakstabilan sistem pemerintahan, penggunaan Iingkungan yang melebihi kapasitas, diskriminasi dan ketidakberdayaan seperti pada anak-anak, wanita, dan lansia. Demikian juga terbatasnya subsidi pangan, meningkatnya harga-harga pangan, menurunnya pendapatan ril dan tingginya tingkat pengangguran merupakan faktor utama penyebab terjadinya kelaparan\r\n\r\nTujuan SDGs nomor 2 yaitu untuk mengakhiri kelaparan, mencapai ketahanan pangan, memperbaiki nutrisi dan mempromosikan pertanian yang berkelanjutan. Tujuan ini sejalan dengan prioritas pembangunan Indonesia yang termaktub ke dalam prioritas ketahanan pangan dan penciptaan lapangan kerja.'),
(3, 'Kesehatan yang Baik dan Kesejahteraan', '3.png', 'Memastikan kehidupan yang sehat dan mendukung kesejahteraan bagi semua untuk semua usia', 'Tujuan 3 TPB adalah menjamin kehidupan yang sehat dan meningkatkan kesejahteraan seluruh penduduk semua usia. Untuk mencapai kehidupan sehat dan sejahtera pada tahun 2030, ditetapkan 13 target yang diukur melalui 50 indikator. Target-target tersebut terdiri dari penurunan kematian ibu dan bayi, mengurangi kesakitan dan kematian akibat penyakit menular dan tidak menular, pencegahan penyalahgunaan zat, menjamin akses layanan kesehatan seksual dan reproduksi, meningkatkan cakupan kesehatan universal, penguatan pelaksanaan pengendalian tembakau (tobacco control), pengembangan dan penelitian vaksin dan obat, serta peningkatan pembiayaan kesehatan. Upaya-upaya yang dilakukan untuk mencapai target-target tersebut dijabarkan pada kebijakan, program dan kegiatan yang akan dilakukan oleh pemerintah maupun organisasi nonpemerintah.\r\n\r\nKebijakan Tujuan 3. Untuk mewujudkan Tujuan 3 Kehidupan Sehat dan Sejahtera didasarkan pada strategi meningkatkan derajat kesehatan masyarakat dengan arah kebijakan: (1) Peningkatan Gerakan Masyarakat Hidup Sehat (GERMAS), (2) Peningkatan penganekaragaman dan keamanan pangan (termasuk olahan), (3) Peningkatan pelayanan Medis, rehab medis, rehab sosial dan dukungan dari masyarakat bagi penderita gangguan jiwa, (4) Peningkatan aksebilitas dan pelayanan kesehatan yang berkualitas.\r\n\r\nProgram Tujuan 3. Memperhatikan tujuan dan target serta arah kebijakan TPB tujuan 3, program dan kegiatan yang akan dilaksanakan, mencakup: 1) pelayanan kesehatan yang bermutu dan peningkatan gizi yang berkualitas bagi ibu dan anak; 2) penguatan sarana, prasarana dan sistem rujukan pelayanan kesehatan, baik pelayanan dasar dan rujukan; 3) penyehatan lingkungan; 4) peningkatan ketersediaan farmasi dan alat kesehatan; 5) pencegahan dan pengendalian penyakit menular dan tidak menular; 6) rehabilitasi penyalahgunaan NAPZA; 7) pelayanan KB bagi perempuan usia reproduksi; 8) pelayanan kesehatan reproduksi bagi perempuan usia reproduksi, termasuk remaja; dan 9) peningkatan ketersediaan SDM kesehatan.');

-- --------------------------------------------------------

--
-- Table structure for table `sdgs_val`
--

CREATE TABLE `sdgs_val` (
  `id` int(11) NOT NULL,
  `kode` int(11) DEFAULT NULL,
  `indikator` text DEFAULT NULL,
  `parent_id` int(11) DEFAULT 0,
  `sdgs_id` int(11) DEFAULT NULL,
  `elemen_id` int(11) DEFAULT NULL,
  `id_dinas` int(11) DEFAULT NULL
) ENGINE=InnoDB DEFAULT CHARSET=utf8;

--
-- Dumping data for table `sdgs_val`
--

INSERT INTO `sdgs_val` (`id`, `kode`, `indikator`, `parent_id`, `sdgs_id`, `elemen_id`, `id_dinas`) VALUES
(1, 1, 'Menerapkan secara nasional sistem dan upaya perlindungan sosial yang tepat bagi semua, termasuk kelompok yang paling miskin, dan pada tahun 2030 mencapai cakupan substansial bagi kelompok miskin dan rentan', 0, 1, 44, 15),
(3, 2, 'Tingkat kemiskinan daerah', 1, 1, 43, 1),
(4, 2, 'Tingkat kemiskinan daerah', 1, 1, 44, NULL),
(14, 2, 'Menerapkan secara nasional sistem dan upaya perlindungan sosial yang tepat bagi semua, termasuk kelompok yang paling miskin, dan pada tahun 2030 mencapai cakupan substansial bagi kelompok miskin dan rentan', 0, 1, NULL, NULL),
(15, 4, 'Pada tahun 2030, menjamin bahwa semua laki-laki dan perempuan, khususnya masyarakat miskin dan rentan, memiliki hak yang sama terhadap sumber daya ekonomi, serta akses terhadap pelayanan dasar, kepemilikan dan kontrol atas tanah dan bentuk kepemilikan lain, warisan, sumber daya alam, teknologi baru, dan jasa keuangan yang tepat, termasuk keuangan mikro', 0, 1, NULL, NULL),
(21, NULL, 'Baru Lagi', 14, 1, 44, NULL),
(22, 5, 'Pada tahun 2030, menjamin bahwa semua laki-laki dan perempuan, khususnya masyarakat miskin dan rentan, memiliki hak yang sama terhadap sumber daya ekonomi, serta akses terhadap pelayanan dasar, kepemilikan dan kontrol atas tanah dan bentuk kepemilikan lain, warisan, sumber daya alam, teknologi baru, dan jasa keuangan yang tepat, termasuk keuangan mikro ', 0, 1, NULL, 9),
(23, NULL, 'Peserta KB Aktif cara modern Keluarga Pra Sejahtera dan KS I', 22, 1, 555, 9);

--
-- Indexes for dumped tables
--

--
-- Indexes for table `elemen`
--
ALTER TABLE `elemen`
  ADD PRIMARY KEY (`id`);

--
-- Indexes for table `elemen_val`
--
ALTER TABLE `elemen_val`
  ADD PRIMARY KEY (`id`);

--
-- Indexes for table `ikk`
--
ALTER TABLE `ikk`
  ADD PRIMARY KEY (`id`);

--
-- Indexes for table `m_bidang`
--
ALTER TABLE `m_bidang`
  ADD PRIMARY KEY (`id`);

--
-- Indexes for table `m_dinas`
--
ALTER TABLE `m_dinas`
  ADD PRIMARY KEY (`id`);

--
-- Indexes for table `m_urusan`
--
ALTER TABLE `m_urusan`
  ADD PRIMARY KEY (`id`);

--
-- Indexes for table `m_user`
--
ALTER TABLE `m_user`
  ADD PRIMARY KEY (`id_user`);

--
-- Indexes for table `option`
--
ALTER TABLE `option`
  ADD PRIMARY KEY (`id`);

--
-- Indexes for table `sdgs`
--
ALTER TABLE `sdgs`
  ADD PRIMARY KEY (`id`);

--
-- Indexes for table `sdgs_val`
--
ALTER TABLE `sdgs_val`
  ADD PRIMARY KEY (`id`);

--
-- AUTO_INCREMENT for dumped tables
--

--
-- AUTO_INCREMENT for table `elemen`
--
ALTER TABLE `elemen`
  MODIFY `id` int(11) NOT NULL AUTO_INCREMENT, AUTO_INCREMENT=1493;

--
-- AUTO_INCREMENT for table `elemen_val`
--
ALTER TABLE `elemen_val`
  MODIFY `id` int(11) NOT NULL AUTO_INCREMENT, AUTO_INCREMENT=960;

--
-- AUTO_INCREMENT for table `ikk`
--
ALTER TABLE `ikk`
  MODIFY `id` int(11) NOT NULL AUTO_INCREMENT;

--
-- AUTO_INCREMENT for table `m_bidang`
--
ALTER TABLE `m_bidang`
  MODIFY `id` int(11) NOT NULL AUTO_INCREMENT, AUTO_INCREMENT=4;

--
-- AUTO_INCREMENT for table `m_dinas`
--
ALTER TABLE `m_dinas`
  MODIFY `id` int(11) NOT NULL AUTO_INCREMENT, AUTO_INCREMENT=19;

--
-- AUTO_INCREMENT for table `m_urusan`
--
ALTER TABLE `m_urusan`
  MODIFY `id` int(11) NOT NULL AUTO_INCREMENT, AUTO_INCREMENT=32;

--
-- AUTO_INCREMENT for table `m_user`
--
ALTER TABLE `m_user`
  MODIFY `id_user` int(20) NOT NULL AUTO_INCREMENT, AUTO_INCREMENT=4;

--
-- AUTO_INCREMENT for table `option`
--
ALTER TABLE `option`
  MODIFY `id` int(11) NOT NULL AUTO_INCREMENT;

--
-- AUTO_INCREMENT for table `sdgs`
--
ALTER TABLE `sdgs`
  MODIFY `id` int(11) NOT NULL AUTO_INCREMENT, AUTO_INCREMENT=4;

--
-- AUTO_INCREMENT for table `sdgs_val`
--
ALTER TABLE `sdgs_val`
  MODIFY `id` int(11) NOT NULL AUTO_INCREMENT, AUTO_INCREMENT=24;
COMMIT;

/*!40101 SET CHARACTER_SET_CLIENT=@OLD_CHARACTER_SET_CLIENT */;
/*!40101 SET CHARACTER_SET_RESULTS=@OLD_CHARACTER_SET_RESULTS */;
/*!40101 SET COLLATION_CONNECTION=@OLD_COLLATION_CONNECTION */;
